"","subject","type","item","condition","question","correct_answer","response","rt","group","clause_q","z_scored_rt"
"15","L1 1","gp",14,"0.5","0","-","-",3384,"L1","-0.5",-0.506089437865067
"22","L1 1","gp",3,"-0.5","0","-","-",4156,"L1","0.5",-0.192709373320872
"28","L1 1","gp",4,"0.5","0","-","-",3489,"L1","0.5",-0.463466501625248
"32","L1 1","gp",7,"-0.5","0","-","-",5264,"L1","0.5",0.257064087190744
"61","L1 1","gp",9,"-0.5","0","-","-",5412,"L1","-0.5",0.317142130652585
"67","L1 1","gp",6,"0.5","0","-","-",3704,"L1","-0.5",-0.376190965515142
"74","L1 1","gp",5,"-0.5","0","-","-",6646,"L1","-0.5",0.818063114651984
"88","L1 1","gp",20,"0.5","0","-","-",6440,"L1","0.5",0.734440973076719
"91","L1 1","gp",19,"-0.5","0","-","-",3546,"L1","0.5",-0.440328336237917
"99","L1 1","gp",17,"-0.5","0","-","-",4075,"L1","-0.5",-0.225589924134447
"105","L1 1","gp",2,"0.5","0","-","-",3114,"L1","-0.5",-0.615691273910316
"111","L1 1","gp",12,"0.5","0","-","-",4900,"L1","0.5",0.109304574892704
"115","L1 1","gp",18,"0.5","0","-","-",4411,"L1","-0.5",-0.0891965281670255
"125","L1 1","gp",1,"-0.5","0","-","-",3168,"L1","-0.5",-0.593770906701267
"129","L1 1","gp",10,"0.5","0","-","-",4849,"L1","-0.5",0.0886020058619347
"132","L1 1","gp",11,"-0.5","0","-","-",3770,"L1","0.5",-0.34939940559297
"135","L1 1","gp",13,"-0.5","0","-","-",7652,"L1","-0.5",1.22643143710206
"139","L1 1","gp",24,"0.5","0","-","-",5284,"L1","0.5",0.265182741712614
"143","L1 1","gp",16,"0.5","0","-","-",7749,"L1","0.5",1.26580691153313
"146","L1 1","gp",21,"-0.5","0","-","-",7780,"L1","-0.5",1.27839082604203
"150","L1 1","gp",22,"0.5","0","-","-",5617,"L1","-0.5",0.400358339501755
"158","L1 1","gp",15,"-0.5","0","-","-",9105,"L1","0.5",1.81625168811594
"170","L1 1","gp",23,"-0.5","0","-","-",4358,"L1","0.5",-0.110710962649982
"174","L1 1","gp",8,"0.5","0","-","-",3081,"L1","0.5",-0.629087053871402
"194","L1 2","gp",16,"-0.5","0","-","-",7234,"L1","-0.5",1.05675155759497
"201","L1 2","gp",17,"0.5","0","-","-",4808,"L1","-0.5",0.0719587640921005
"208","L1 2","gp",4,"-0.5","0","-","-",7346,"L1","-0.5",1.10221602291745
"216","L1 2","gp",15,"0.5","0","-","-",3568,"L1","0.5",-0.43139781626386
"222","L1 2","gp",2,"-0.5","0","-","-",4187,"L1","0.5",-0.180125458811973
"229","L1 2","gp",10,"-0.5","0","-","-",5184,"L1","0.5",0.224589469103263
"240","L1 2","gp",6,"-0.5","0","-","-",9151,"L1","0.5",1.83492459351624
"246","L1 2","gp",19,"0.5","0","-","-",7389,"L1","0.5",1.11967113013947
"260","L1 2","gp",20,"-0.5","0","-","-",5120,"L1","-0.5",0.198609774633278
"264","L1 2","gp",14,"-0.5","0","-","-",15480,"L1","0.5",4.40407281696211
"268","L1 2","gp",8,"-0.5","0","-","-",6755,"L1","-0.5",0.862309781796177
"274","L1 2","gp",1,"0.5","0","-","-",2699,"L1","-0.5",-0.784153355239126
"285","L1 2","gp",12,"-0.5","0","-","-",3499,"L1","-0.5",-0.459407174364313
"288","L1 2","gp",24,"-0.5","0","-","-",4612,"L1","-0.5",-0.00760405022222869
"292","L1 2","gp",3,"0.5","0","-","-",4289,"L1","0.5",-0.138720320750435
"296","L1 2","gp",23,"0.5","0","-","-",4385,"L1","0.5",-0.0997507790454569
"306","L1 2","gp",9,"0.5","0","-","-",2218,"L1","-0.5",-0.979406996490107
"313","L1 2","gp",5,"0.5","0","-","-",5668,"L1","-0.5",0.421060908532525
"323","L1 2","gp",11,"0.5","0","-","-",2194,"L1","0.5",-0.989149381916352
"341","L1 2","gp",21,"0.5","0","-","-",2691,"L1","-0.5",-0.787400817047874
"344","L1 2","gp",18,"-0.5","0","-","-",4779,"L1","0.5",0.0601867150353886
"347","L1 2","gp",22,"-0.5","0","-","-",6143,"L1","0.5",0.613878953426945
"351","L1 2","gp",13,"0.5","0","-","-",4196,"L1","-0.5",-0.176472064277132
"358","L1 2","gp",7,"0.5","0","-","-",5453,"L1","0.5",0.333785372422419
"378","L1 3","gp",4,"0.5","0","-","-",7373,"L1","-0.5",1.11317620652197
"381","L1 3","gp",20,"0.5","0","-","-",5470,"L1","-0.5",0.340686228766008
"393","L1 3","gp",12,"0.5","0","-","-",7412,"L1","-0.5",1.12900758283962
"400","L1 3","gp",18,"0.5","0","-","-",5686,"L1","0.5",0.428367697602208
"404","L1 3","gp",22,"0.5","0","-","-",9656,"L1","0.5",2.03992062019347
"408","L1 3","gp",9,"-0.5","0","-","-",12911,"L1","0.5",3.36123164362786
"411","L1 3","gp",6,"0.5","0","-","-",5195,"L1","0.5",0.229054729090291
"426","L1 3","gp",13,"-0.5","0","-","-",19741,"L1","0.5",6.13375216284658
"429","L1 3","gp",24,"0.5","0","-","-",4475,"L1","-0.5",-0.0632168336970405
"435","L1 3","gp",15,"-0.5","0","-","-",11292,"L1","-0.5",2.70402656008246
"447","L1 3","gp",23,"-0.5","0","-","-",10354,"L1","-0.5",2.32326166300674
"455","L1 3","gp",1,"-0.5","0","-","-",11076,"L1","0.5",2.61634509124626
"470","L1 3","gp",14,"0.5","0","-","-",7494,"L1","0.5",1.16229406637929
"477","L1 3","gp",7,"-0.5","0","-","-",10055,"L1","-0.5",2.20188777790478
"481","L1 3","gp",16,"0.5","0","-","-",5230,"L1","-0.5",0.243262374503564
"498","L1 3","gp",11,"-0.5","0","-","-",11376,"L1","-0.5",2.73812490907432
"501","L1 3","gp",21,"-0.5","0","-","-",6568,"L1","0.5",0.78640036201669
"507","L1 3","gp",19,"-0.5","0","-","-",14297,"L1","-0.5",3.92385440199348
"518","L1 3","gp",5,"-0.5","0","-","-",8437,"L1","0.5",1.54508862708547
"524","L1 3","gp",3,"-0.5","0","-","-",9621,"L1","-0.5",2.0257129747802
"528","L1 3","gp",10,"0.5","0","-","-",14435,"L1","0.5",3.97987311819438
"531","L1 3","gp",17,"-0.5","0","-","-",12319,"L1","0.5",3.1209194697805
"534","L1 3","gp",8,"0.5","0","-","-",4599,"L1","-0.5",-0.0128811756614444
"537","L1 3","gp",2,"0.5","0","-","-",3891,"L1","0.5",-0.300281545735654
"558","L1 4","gp",11,"0.5","0","-","-",2231,"L1","-0.5",-0.974129871050891
"561","L1 4","gp",12,"-0.5","0","-","-",3115,"L1","0.5",-0.615285341184223
"570","L1 4","gp",21,"0.5","0","-","-",3842,"L1","0.5",-0.320172249314236
"573","L1 4","gp",24,"-0.5","0","-","-",4754,"L1","0.5",0.0500383968830507
"577","L1 4","gp",17,"0.5","0","-","-",2057,"L1","0.5",-1.04476216539116
"584","L1 4","gp",6,"-0.5","0","-","-",2830,"L1","-0.5",-0.730976168120875
"594","L1 4","gp",4,"-0.5","0","-","-",2963,"L1","0.5",-0.676987115550437
"598","L1 4","gp",16,"-0.5","0","-","-",3635,"L1","0.5",-0.404200323615594
"602","L1 4","gp",2,"-0.5","0","-","-",3400,"L1","-0.5",-0.499594514247571
"606","L1 4","gp",15,"0.5","0","-","-",3273,"L1","-0.5",-0.551147970461447
"613","L1 4","gp",8,"-0.5","0","-","-",3875,"L1","0.5",-0.30677646935315
"627","L1 4","gp",14,"-0.5","0","-","-",2550,"L1","-0.5",-0.84463733142706
"631","L1 4","gp",23,"0.5","0","-","-",2666,"L1","-0.5",-0.797549135200212
"637","L1 4","gp",13,"0.5","0","-","-",6078,"L1","0.5",0.587493326230866
"644","L1 4","gp",22,"-0.5","0","-","-",3316,"L1","-0.5",-0.533692863239426
"651","L1 4","gp",7,"0.5","0","-","-",2191,"L1","-0.5",-0.990367180094632
"655","L1 4","gp",1,"0.5","0","-","-",2340,"L1","0.5",-0.929883203906698
"662","L1 4","gp",20,"-0.5","0","-","-",2317,"L1","0.5",-0.939219656606849
"669","L1 4","gp",3,"0.5","0","-","-",2338,"L1","-0.5",-0.930695069358885
"672","L1 4","gp",9,"0.5","0","-","-",4530,"L1","0.5",-0.040890533761897
"687","L1 4","gp",10,"-0.5","0","-","-",2998,"L1","-0.5",-0.662779470137164
"693","L1 4","gp",18,"-0.5","0","-","-",1874,"L1","-0.5",-1.11904785426628
"700","L1 4","gp",5,"0.5","0","-","-",4477,"L1","0.5",-0.0624049682448534
"707","L1 4","gp",19,"0.5","0","-","-",2379,"L1","-0.5",-0.914051827589051
"737","L1 5","gp",19,"-0.5","0","-","-",3241,"L1","0.5",-0.56413781769644
"746","L1 5","gp",4,"0.5","0","-","-",4760,"L1","0.5",0.0524739932396118
"749","L1 5","gp",7,"-0.5","0","-","-",4277,"L1","0.5",-0.143591513463557
"756","L1 5","gp",16,"0.5","0","-","-",3505,"L1","0.5",-0.456971578007751
"764","L1 5","gp",1,"-0.5","0","-","-",2999,"L1","-0.5",-0.662373537411071
"770","L1 5","gp",2,"0.5","0","-","-",4890,"L1","-0.5",0.105245247631769
"777","L1 5","gp",3,"-0.5","0","-","-",6004,"L1","0.5",0.557454304499946
"780","L1 5","gp",18,"0.5","0","-","-",3585,"L1","-0.5",-0.42449695992027
"790","L1 5","gp",23,"-0.5","0","-","-",3447,"L1","0.5",-0.480515676121175
"797","L1 5","gp",21,"-0.5","0","-","-",2526,"L1","-0.5",-0.854379716853304
"807","L1 5","gp",13,"-0.5","0","-","-",6581,"L1","-0.5",0.791677487455905
"819","L1 5","gp",8,"0.5","0","-","-",3864,"L1","0.5",-0.311241729340179
"822","L1 5","gp",15,"-0.5","0","-","-",2722,"L1","0.5",-0.774816902538975
"826","L1 5","gp",14,"0.5","0","-","-",4740,"L1","-0.5",0.0443553387177414
"834","L1 5","gp",24,"0.5","0","-","-",4165,"L1","0.5",-0.189055978786031
"841","L1 5","gp",6,"0.5","0","-","-",5734,"L1","-0.5",0.447852468454697
"844","L1 5","gp",22,"0.5","0","-","-",4039,"L1","-0.5",-0.240203502273814
"852","L1 5","gp",11,"-0.5","0","-","-",2709,"L1","0.5",-0.780094027978191
"863","L1 5","gp",10,"0.5","0","-","-",3259,"L1","-0.5",-0.556831028626756
"872","L1 5","gp",17,"-0.5","0","-","-",2410,"L1","-0.5",-0.901467913080152
"876","L1 5","gp",5,"-0.5","0","-","-",2118,"L1","-0.5",-1.02000026909946
"884","L1 5","gp",9,"-0.5","0","-","-",3016,"L1","-0.5",-0.655472681067481
"887","L1 5","gp",20,"0.5","0","-","-",2237,"L1","0.5",-0.97169427469433
"897","L1 5","gp",12,"0.5","0","-","-",3706,"L1","0.5",-0.375379100062955
"914","L1 6","gp",5,"0.5","0","-","-",4361,"L1","-0.5",-0.109493164471701
"918","L1 6","gp",11,"0.5","0","-","-",2906,"L1","0.5",-0.700125280937768
"931","L1 6","gp",6,"-0.5","0","-","-",4961,"L1","0.5",0.134066471184409
"941","L1 6","gp",2,"-0.5","0","-","-",7443,"L1","0.5",1.14159149734852
"944","L1 6","gp",10,"-0.5","0","-","-",4597,"L1","0.5",-0.0136930411136314
"947","L1 6","gp",17,"0.5","0","-","-",3031,"L1","-0.5",-0.649383690176078
"954","L1 6","gp",15,"0.5","0","-","-",3339,"L1","0.5",-0.524356410539275
"962","L1 6","gp",20,"-0.5","0","-","-",2782,"L1","-0.5",-0.750460938973364
"969","L1 6","gp",3,"0.5","0","-","-",3185,"L1","0.5",-0.586870050357677
"972","L1 6","gp",9,"0.5","0","-","-",4387,"L1","-0.5",-0.0989389135932699
"983","L1 6","gp",7,"0.5","0","-","-",3258,"L1","0.5",-0.55723696135285
"991","L1 6","gp",24,"-0.5","0","-","-",2251,"L1","-0.5",-0.966011216529021
"997","L1 6","gp",12,"-0.5","0","-","-",8322,"L1","-0.5",1.49840636358472
"1000","L1 6","gp",13,"0.5","0","-","-",3419,"L1","-0.5",-0.491881792451794
"1014","L1 6","gp",8,"-0.5","0","-","-",5270,"L1","-0.5",0.259499683547305
"1018","L1 6","gp",16,"-0.5","0","-","-",4348,"L1","-0.5",-0.114770289910917
"1021","L1 6","gp",14,"-0.5","0","-","-",2731,"L1","0.5",-0.771163508004133
"1028","L1 6","gp",4,"-0.5","0","-","-",4466,"L1","-0.5",-0.0668702282318821
"1032","L1 6","gp",23,"0.5","0","-","-",2822,"L1","0.5",-0.734223629929623
"1049","L1 6","gp",1,"0.5","0","-","-",2689,"L1","-0.5",-0.788212682500061
"1053","L1 6","gp",22,"-0.5","0","-","-",3512,"L1","0.5",-0.454130048925097
"1067","L1 6","gp",18,"-0.5","0","-","-",2565,"L1","0.5",-0.838548340535657
"1074","L1 6","gp",19,"0.5","0","-","-",2952,"L1","0.5",-0.681452375537466
"1078","L1 6","gp",21,"0.5","0","-","-",3455,"L1","-0.5",-0.477268214312427
"1095","L1 7","gp",3,"-0.5","0","-","-",5657,"L1","-0.5",0.416595648545496
"1099","L1 7","gp",17,"-0.5","0","-","-",3981,"L1","0.5",-0.263747600387238
"1104","L1 7","gp",4,"0.5","0","-","-",4410,"L1","-0.5",-0.089602460893119
"1111","L1 7","gp",18,"0.5","0","-","-",4575,"L1","0.5",-0.0226235610876888
"1114","L1 7","gp",13,"-0.5","0","-","-",6012,"L1","0.5",0.560701766308694
"1117","L1 7","gp",22,"0.5","0","-","-",3662,"L1","0.5",-0.393240140011069
"1131","L1 7","gp",1,"-0.5","0","-","-",3848,"L1","0.5",-0.317736652957675
"1137","L1 7","gp",7,"-0.5","0","-","-",3109,"L1","-0.5",-0.617720937540784
"1144","L1 7","gp",5,"-0.5","0","-","-",5390,"L1","0.5",0.308211610678527
"1148","L1 7","gp",19,"-0.5","0","-","-",7079,"L1","-0.5",0.993831985050476
"1156","L1 7","gp",11,"-0.5","0","-","-",4358,"L1","-0.5",-0.110710962649982
"1163","L1 7","gp",9,"-0.5","0","-","-",5155,"L1","0.5",0.212817420046551
"1171","L1 7","gp",15,"-0.5","0","-","-",4431,"L1","-0.5",-0.0810778736451552
"1178","L1 7","gp",12,"0.5","0","-","-",3390,"L1","-0.5",-0.503653841508506
"1185","L1 7","gp",23,"-0.5","0","-","-",7468,"L1","-0.5",1.15173981550085
"1203","L1 7","gp",6,"0.5","0","-","-",4691,"L1","0.5",0.0244646351391591
"1206","L1 7","gp",10,"0.5","0","-","-",2968,"L1","0.5",-0.67495745191997
"1213","L1 7","gp",16,"0.5","0","-","-",5496,"L1","-0.5",0.35124047964444
"1219","L1 7","gp",2,"0.5","0","-","-",4309,"L1","0.5",-0.130601666228564
"1223","L1 7","gp",8,"0.5","0","-","-",3715,"L1","-0.5",-0.371725705528113
"1230","L1 7","gp",21,"-0.5","0","-","-",6420,"L1","0.5",0.726322318554849
"1237","L1 7","gp",14,"0.5","0","-","-",2886,"L1","0.5",-0.708243935459638
"1244","L1 7","gp",24,"0.5","0","-","-",4844,"L1","-0.5",0.0865723422314671
"1247","L1 7","gp",20,"0.5","0","-","-",3490,"L1","-0.5",-0.463060568899154
"1279","L1 8","gp",23,"0.5","0","-","-",6232,"L1","-0.5",0.650006966049268
"1284","L1 8","gp",24,"-0.5","0","-","-",3872,"L1","0.5",-0.307994267531431
"1290","L1 8","gp",7,"0.5","0","-","-",4641,"L1","-0.5",0.00416799883448329
"1293","L1 8","gp",4,"-0.5","0","-","-",6305,"L1","0.5",0.679640055054095
"1300","L1 8","gp",5,"0.5","0","-","-",7006,"L1","0.5",0.96419889604565
"1307","L1 8","gp",13,"0.5","0","-","-",7778,"L1","0.5",1.27757896058984
"1314","L1 8","gp",2,"-0.5","0","-","-",5274,"L1","-0.5",0.261123414451679
"1318","L1 8","gp",15,"0.5","0","-","-",4925,"L1","-0.5",0.119452893045042
"1332","L1 8","gp",9,"0.5","0","-","-",8302,"L1","0.5",1.49028770906285
"1342","L1 8","gp",11,"0.5","0","-","-",3438,"L1","-0.5",-0.484169070656017
"1349","L1 8","gp",19,"0.5","0","-","-",5899,"L1","-0.5",0.514831368260127
"1353","L1 8","gp",12,"-0.5","0","-","-",7809,"L1","0.5",1.29016287509874
"1356","L1 8","gp",3,"0.5","0","-","-",2689,"L1","-0.5",-0.788212682500061
"1363","L1 8","gp",10,"-0.5","0","-","-",7528,"L1","-0.5",1.17609577906647
"1369","L1 8","gp",17,"0.5","0","-","-",4906,"L1","0.5",0.111740171249265
"1381","L1 8","gp",16,"-0.5","0","-","-",8444,"L1","0.5",1.54793015616813
"1388","L1 8","gp",18,"-0.5","0","-","-",4533,"L1","-0.5",-0.0396727355836165
"1391","L1 8","gp",8,"-0.5","0","-","-",6370,"L1","0.5",0.706025682250173
"1401","L1 8","gp",22,"-0.5","0","-","-",6598,"L1","-0.5",0.798578343799495
"1409","L1 8","gp",14,"-0.5","0","-","-",4363,"L1","-0.5",-0.108681299019514
"1412","L1 8","gp",21,"0.5","0","-","-",8711,"L1","0.5",1.6563141940351
"1423","L1 8","gp",1,"0.5","0","-","-",4371,"L1","0.5",-0.105433837210766
"1434","L1 8","gp",6,"-0.5","0","-","-",7045,"L1","-0.5",0.980030272363297
"1437","L1 8","gp",20,"-0.5","0","-","-",6515,"L1","0.5",0.764885927533733
"1455","L1 9","gp",6,"0.5","0","-","-",3668,"L1","-0.5",-0.390804543654508
"1459","L1 9","gp",21,"-0.5","0","-","-",3561,"L1","-0.5",-0.434239345346515
"1466","L1 9","gp",11,"-0.5","0","-","-",3274,"L1","0.5",-0.550742037735354
"1469","L1 9","gp",9,"-0.5","0","-","-",3906,"L1","-0.5",-0.294192554844251
"1475","L1 9","gp",15,"-0.5","0","-","-",1759,"L1","0.5",-1.16573011776703
"1481","L1 9","gp",24,"0.5","0","-","-",2261,"L1","0.5",-0.961951889268086
"1489","L1 9","gp",19,"-0.5","0","-","-",3278,"L1","0.5",-0.54911830683098
"1498","L1 9","gp",16,"0.5","0","-","-",3657,"L1","0.5",-0.395269803641537
"1509","L1 9","gp",12,"0.5","0","-","-",2346,"L1","0.5",-0.927447607550137
"1515","L1 9","gp",17,"-0.5","0","-","-",2438,"L1","-0.5",-0.890101796749533
"1519","L1 9","gp",8,"0.5","0","-","-",1924,"L1","0.5",-1.0987512179616
"1528","L1 9","gp",23,"-0.5","0","-","-",3034,"L1","0.5",-0.648165891997798
"1531","L1 9","gp",10,"0.5","0","-","-",2237,"L1","-0.5",-0.97169427469433
"1539","L1 9","gp",2,"0.5","0","-","-",2298,"L1","-0.5",-0.946932378402626
"1550","L1 9","gp",14,"0.5","0","-","-",1863,"L1","-0.5",-1.12351311425331
"1560","L1 9","gp",20,"0.5","0","-","-",1826,"L1","0.5",-1.13853262511877
"1568","L1 9","gp",3,"-0.5","0","-","-",4858,"L1","0.5",0.0922554003967764
"1571","L1 9","gp",22,"0.5","0","-","-",4307,"L1","-0.5",-0.131413531680751
"1589","L1 9","gp",4,"0.5","0","-","-",2224,"L1","0.5",-0.976971400133546
"1597","L1 9","gp",18,"0.5","0","-","-",1731,"L1","-0.5",-1.17709623409765
"1603","L1 9","gp",1,"-0.5","0","-","-",5279,"L1","-0.5",0.263153078082147
"1606","L1 9","gp",5,"-0.5","0","-","-",1893,"L1","-0.5",-1.1113351324705
"1610","L1 9","gp",7,"-0.5","0","-","-",1893,"L1","0.5",-1.1113351324705
"1614","L1 9","gp",13,"-0.5","0","-","-",2852,"L1","-0.5",-0.722045648146818
"1634","L1 10","gp",23,"0.5","0","-","-",3322,"L1","0.5",-0.531257266882865
"1637","L1 10","gp",19,"0.5","0","-","-",3324,"L1","0.5",-0.530445401430678
"1644","L1 10","gp",1,"0.5","0","-","-",2786,"L1","-0.5",-0.74883720806899
"1647","L1 10","gp",13,"0.5","0","-","-",3364,"L1","-0.5",-0.514208092386937
"1654","L1 10","gp",11,"0.5","0","-","-",3327,"L1","0.5",-0.529227603252397
"1662","L1 10","gp",3,"0.5","0","-","-",3137,"L1","0.5",-0.606354821210165
"1669","L1 10","gp",20,"-0.5","0","-","-",1933,"L1","-0.5",-1.09509782342676
"1682","L1 10","gp",7,"0.5","0","-","-",2838,"L1","0.5",-0.727728706312127
"1694","L1 10","gp",5,"0.5","0","-","-",3016,"L1","-0.5",-0.655472681067481
"1697","L1 10","gp",18,"-0.5","0","-","-",2244,"L1","0.5",-0.968852745611676
"1704","L1 10","gp",10,"-0.5","0","-","-",2871,"L1","0.5",-0.714332926351041
"1707","L1 10","gp",24,"-0.5","0","-","-",3821,"L1","-0.5",-0.3286968365622
"1711","L1 10","gp",9,"0.5","0","-","-",2206,"L1","-0.5",-0.984278189203229
"1717","L1 10","gp",2,"-0.5","0","-","-",3470,"L1","0.5",-0.471179223421025
"1725","L1 10","gp",12,"-0.5","0","-","-",4270,"L1","-0.5",-0.146433042546211
"1729","L1 10","gp",17,"0.5","0","-","-",2763,"L1","-0.5",-0.758173660769141
"1733","L1 10","gp",22,"-0.5","0","-","-",12641,"L1","0.5",3.25162980758262
"1740","L1 10","gp",16,"-0.5","0","-","-",2394,"L1","-0.5",-0.907962836697648
"1747","L1 10","gp",4,"-0.5","0","-","-",2996,"L1","-0.5",-0.663591335589351
"1762","L1 10","gp",8,"-0.5","0","-","-",3073,"L1","-0.5",-0.632334515680151
"1770","L1 10","gp",15,"0.5","0","-","-",4474,"L1","0.5",-0.063622766423134
"1780","L1 10","gp",6,"-0.5","0","-","-",7684,"L1","0.5",1.23942128433705
"1794","L1 10","gp",21,"0.5","0","-","-",1074,"L1","-0.5",-1.44379403514109
"1797","L1 10","gp",14,"-0.5","0","-","-",2316,"L1","0.5",-0.939625589332942
"1815","L1 11","gp",19,"-0.5","0","-","-",3279,"L1","-0.5",-0.548712374104886
"1821","L1 11","gp",11,"-0.5","0","-","-",2995,"L1","-0.5",-0.663997268315445
"1827","L1 11","gp",7,"-0.5","0","-","-",3600,"L1","-0.5",-0.418407969028867
"1837","L1 11","gp",8,"0.5","0","-","-",2706,"L1","-0.5",-0.781311826156471
"1848","L1 11","gp",14,"0.5","0","-","-",3109,"L1","0.5",-0.617720937540784
"1856","L1 11","gp",12,"0.5","0","-","-",2967,"L1","-0.5",-0.675363384646063
"1859","L1 11","gp",15,"-0.5","0","-","-",4749,"L1","-0.5",0.0480087332525831
"1867","L1 11","gp",24,"0.5","0","-","-",3191,"L1","-0.5",-0.584434454001116
"1873","L1 11","gp",13,"-0.5","0","-","-",4193,"L1","0.5",-0.177689862455412
"1876","L1 11","gp",23,"-0.5","0","-","-",3415,"L1","-0.5",-0.493505523356168
"1880","L1 11","gp",16,"0.5","0","-","-",5233,"L1","-0.5",0.244480172681845
"1884","L1 11","gp",9,"-0.5","0","-","-",4526,"L1","0.5",-0.0425142646662711
"1891","L1 11","gp",17,"-0.5","0","-","-",3022,"L1","0.5",-0.65303708471092
"1897","L1 11","gp",22,"0.5","0","-","-",3210,"L1","0.5",-0.576721732205339
"1900","L1 11","gp",5,"-0.5","0","-","-",5435,"L1","0.5",0.326478583352735
"1904","L1 11","gp",21,"-0.5","0","-","-",3656,"L1","0.5",-0.39567573636763
"1914","L1 11","gp",18,"0.5","0","-","-",1977,"L1","0.5",-1.07723678347864
"1925","L1 11","gp",1,"-0.5","0","-","-",4087,"L1","0.5",-0.220718731421325
"1936","L1 11","gp",20,"0.5","0","-","-",1941,"L1","-0.5",-1.09185036161801
"1945","L1 11","gp",10,"0.5","0","-","-",4306,"L1","0.5",-0.131819464406845
"1948","L1 11","gp",4,"0.5","0","-","-",2151,"L1","-0.5",-1.00660448913837
"1956","L1 11","gp",2,"0.5","0","-","-",2578,"L1","0.5",-0.833271215096441
"1966","L1 11","gp",3,"-0.5","0","-","-",3701,"L1","-0.5",-0.377408763693422
"1977","L1 11","gp",6,"0.5","0","-","-",4051,"L1","0.5",-0.235332309560691
"1994","L1 12","gp",13,"0.5","0","-","-",5306,"L1","0.5",0.274113261686672
"1997","L1 12","gp",5,"0.5","0","-","-",5089,"L1","0.5",0.186025860124379
"2004","L1 12","gp",1,"0.5","0","-","-",3199,"L1","0.5",-0.581186992192367
"2010","L1 12","gp",3,"0.5","0","-","-",3676,"L1","-0.5",-0.38755708184576
"2017","L1 12","gp",10,"-0.5","0","-","-",9810,"L1","-0.5",2.10243426001187
"2026","L1 12","gp",23,"0.5","0","-","-",2710,"L1","-0.5",-0.779688095252097
"2033","L1 12","gp",19,"0.5","0","-","-",4359,"L1","-0.5",-0.110305029923888
"2037","L1 12","gp",2,"-0.5","0","-","-",5840,"L1","-0.5",0.49088133742061
"2060","L1 12","gp",22,"-0.5","0","-","-",3591,"L1","-0.5",-0.422061363563709
"2068","L1 12","gp",20,"-0.5","0","-","-",5824,"L1","0.5",0.484386413803113
"2072","L1 12","gp",11,"0.5","0","-","-",4620,"L1","-0.5",-0.00435658841348056
"2079","L1 12","gp",24,"-0.5","0","-","-",3377,"L1","0.5",-0.508930966947722
"2086","L1 12","gp",18,"-0.5","0","-","-",6482,"L1","-0.5",0.751490147572647
"2093","L1 12","gp",4,"-0.5","0","-","-",2373,"L1","0.5",-0.916487423945612
"2110","L1 12","gp",7,"0.5","0","-","-",2949,"L1","-0.5",-0.682670173715747
"2113","L1 12","gp",8,"-0.5","0","-","-",5621,"L1","0.5",0.401982070406129
"2117","L1 12","gp",16,"-0.5","0","-","-",3653,"L1","0.5",-0.396893534545911
"2120","L1 12","gp",14,"-0.5","0","-","-",3988,"L1","-0.5",-0.260906071304583
"2130","L1 12","gp",21,"0.5","0","-","-",3360,"L1","0.5",-0.515831823291311
"2134","L1 12","gp",17,"0.5","0","-","-",2369,"L1","0.5",-0.918111154849986
"2137","L1 12","gp",12,"-0.5","0","-","-",4045,"L1","0.5",-0.237767905917253
"2145","L1 12","gp",6,"-0.5","0","-","-",5336,"L1","-0.5",0.286291243469477
"2152","L1 12","gp",9,"0.5","0","-","-",2976,"L1","0.5",-0.671709990111222
"2158","L1 12","gp",15,"0.5","0","-","-",2772,"L1","-0.5",-0.754520266234299
"2175","L1 13","gp",24,"0.5","0","-","-",3708,"L1","0.5",-0.374567234610768
"2179","L1 13","gp",12,"0.5","0","-","-",4317,"L1","0.5",-0.127354204419816
"2190","L1 13","gp",4,"0.5","0","-","-",4336,"L1","0.5",-0.119641482624039
"2198","L1 13","gp",7,"-0.5","0","-","-",2347,"L1","0.5",-0.927041674824044
"2204","L1 13","gp",14,"0.5","0","-","-",3931,"L1","-0.5",-0.284044236691913
"2212","L1 13","gp",8,"0.5","0","-","-",3724,"L1","0.5",-0.368072310993271
"2218","L1 13","gp",2,"0.5","0","-","-",2731,"L1","-0.5",-0.771163508004133
"2229","L1 13","gp",19,"-0.5","0","-","-",3818,"L1","0.5",-0.329914634740481
"2232","L1 13","gp",16,"0.5","0","-","-",3495,"L1","0.5",-0.461030905268687
"2239","L1 13","gp",21,"-0.5","0","-","-",4732,"L1","-0.5",0.0411078769089933
"2246","L1 13","gp",11,"-0.5","0","-","-",3735,"L1","0.5",-0.363607051006243
"2252","L1 13","gp",10,"0.5","0","-","-",3757,"L1","-0.5",-0.354676531032185
"2258","L1 13","gp",23,"-0.5","0","-","-",7727,"L1","0.5",1.25687639155908
"2262","L1 13","gp",13,"-0.5","0","-","-",9750,"L1","-0.5",2.07807829644626
"2266","L1 13","gp",22,"0.5","0","-","-",4565,"L1","-0.5",-0.026682888348624
"2269","L1 13","gp",9,"-0.5","0","-","-",9058,"L1","-0.5",1.79717284998955
"2272","L1 13","gp",1,"-0.5","0","-","-",5611,"L1","-0.5",0.397922743145194
"2275","L1 13","gp",20,"0.5","0","-","-",3348,"L1","0.5",-0.520703016004433
"2282","L1 13","gp",15,"-0.5","0","-","-",6835,"L1","0.5",0.894784399883658
"2292","L1 13","gp",5,"-0.5","0","-","-",6660,"L1","-0.5",0.823746172817293
"2296","L1 13","gp",3,"-0.5","0","-","-",9735,"L1","0.5",2.07198930555486
"2303","L1 13","gp",18,"0.5","0","-","-",4987,"L1","-0.5",0.14462072206284
"2307","L1 13","gp",6,"0.5","0","-","-",4293,"L1","-0.5",-0.13709658984606
"2313","L1 13","gp",17,"-0.5","0","-","-",3640,"L1","-0.5",-0.402170659985127
"2355","L1 14","gp",19,"0.5","0","-","-",3836,"L1","0.5",-0.322607845670797
"2362","L1 14","gp",11,"0.5","0","-","-",4360,"L1","0.5",-0.109899097197795
"2372","L1 14","gp",17,"0.5","0","-","-",3997,"L1","-0.5",-0.257252676769741
"2380","L1 14","gp",18,"-0.5","0","-","-",4315,"L1","0.5",-0.128166069872003
"2383","L1 14","gp",8,"-0.5","0","-","-",5357,"L1","-0.5",0.294815830717441
"2390","L1 14","gp",15,"0.5","0","-","-",3051,"L1","0.5",-0.641265035654208
"2396","L1 14","gp",23,"0.5","0","-","-",3345,"L1","0.5",-0.521920814182714
"2407","L1 14","gp",21,"0.5","0","-","-",2738,"L1","-0.5",-0.768321978921479
"2414","L1 14","gp",20,"-0.5","0","-","-",3573,"L1","-0.5",-0.429368152633392
"2417","L1 14","gp",5,"0.5","0","-","-",3255,"L1","-0.5",-0.558454759531131
"2421","L1 14","gp",2,"-0.5","0","-","-",2647,"L1","0.5",-0.805261856995989
"2424","L1 14","gp",3,"0.5","0","-","-",2568,"L1","0.5",-0.837330542357376
"2431","L1 14","gp",9,"0.5","0","-","-",2840,"L1","-0.5",-0.72691684085994
"2435","L1 14","gp",13,"0.5","0","-","-",3863,"L1","-0.5",-0.311647662066273
"2441","L1 14","gp",16,"-0.5","0","-","-",4563,"L1","-0.5",-0.027494753800811
"2449","L1 14","gp",12,"-0.5","0","-","-",3315,"L1","-0.5",-0.53409879596552
"2459","L1 14","gp",4,"-0.5","0","-","-",2927,"L1","-0.5",-0.691600693689804
"2470","L1 14","gp",10,"-0.5","0","-","-",3424,"L1","0.5",-0.489852128821326
"2478","L1 14","gp",6,"-0.5","0","-","-",3587,"L1","0.5",-0.423685094468083
"2481","L1 14","gp",14,"-0.5","0","-","-",3675,"L1","0.5",-0.387963014571854
"2488","L1 14","gp",7,"0.5","0","-","-",5155,"L1","0.5",0.212817420046551
"2496","L1 14","gp",1,"0.5","0","-","-",3050,"L1","-0.5",-0.641670968380301
"2506","L1 14","gp",24,"-0.5","0","-","-",3973,"L1","-0.5",-0.266995062195986
"2517","L1 14","gp",22,"-0.5","0","-","-",3757,"L1","0.5",-0.354676531032185
"2538","L1 15","gp",22,"0.5","0","-","-",6875,"L1","0.5",0.911021708927399
"2545","L1 15","gp",1,"-0.5","0","-","-",9016,"L1","0.5",1.78012367549362
"2549","L1 15","gp",19,"-0.5","0","-","-",9567,"L1","-0.5",2.00379260757115
"2557","L1 15","gp",12,"0.5","0","-","-",7747,"L1","-0.5",1.26499504608095
"2560","L1 15","gp",21,"-0.5","0","-","-",6262,"L1","0.5",0.662184947832073
"2566","L1 15","gp",24,"0.5","0","-","-",5299,"L1","-0.5",0.271271732604017
"2577","L1 15","gp",3,"-0.5","0","-","-",16421,"L1","-0.5",4.78605551221611
"2583","L1 15","gp",11,"-0.5","0","-","-",13614,"L1","-0.5",3.64660235007161
"2587","L1 15","gp",4,"0.5","0","-","-",4202,"L1","-0.5",-0.17403646792057
"2594","L1 15","gp",13,"-0.5","0","-","-",9167,"L1","0.5",1.84141951713374
"2600","L1 15","gp",16,"0.5","0","-","-",8364,"L1","-0.5",1.51545553808065
"2611","L1 15","gp",18,"0.5","0","-","-",4354,"L1","0.5",-0.112334693554356
"2614","L1 15","gp",14,"0.5","0","-","-",5645,"L1","0.5",0.411724455832374
"2617","L1 15","gp",5,"-0.5","0","-","-",17178,"L1","0.5",5.0933465858689
"2621","L1 15","gp",6,"0.5","0","-","-",8383,"L1","0.5",1.52316825987642
"2625","L1 15","gp",8,"0.5","0","-","-",3421,"L1","-0.5",-0.491069926999607
"2629","L1 15","gp",10,"0.5","0","-","-",5497,"L1","0.5",0.351646412370533
"2635","L1 15","gp",17,"-0.5","0","-","-",10223,"L1","0.5",2.27008447588849
"2643","L1 15","gp",7,"-0.5","0","-","-",6290,"L1","-0.5",0.673551064162692
"2646","L1 15","gp",23,"-0.5","0","-","-",10488,"L1","-0.5",2.37765664830327
"2663","L1 15","gp",9,"-0.5","0","-","-",6153,"L1","0.5",0.61793828068788
"2670","L1 15","gp",15,"-0.5","0","-","-",3694,"L1","-0.5",-0.380250292776077
"2677","L1 15","gp",20,"0.5","0","-","-",2648,"L1","-0.5",-0.804855924269895
"2681","L1 15","gp",2,"0.5","0","-","-",5971,"L1","0.5",0.54405852453886
"2725","L1 16","gp",10,"-0.5","0","-","-",4524,"L1","-0.5",-0.0433261301184581
"2731","L1 16","gp",5,"0.5","0","-","-",4040,"L1","0.5",-0.23979756954772
"2738","L1 16","gp",15,"0.5","0","-","-",4251,"L1","-0.5",-0.154145764341988
"2741","L1 16","gp",24,"-0.5","0","-","-",3158,"L1","0.5",-0.597830233962202
"2752","L1 16","gp",19,"0.5","0","-","-",7410,"L1","-0.5",1.12819571738743
"2756","L1 16","gp",6,"-0.5","0","-","-",3805,"L1","-0.5",-0.335191760179696
"2763","L1 16","gp",12,"-0.5","0","-","-",3614,"L1","0.5",-0.412724910863558
"2767","L1 16","gp",18,"-0.5","0","-","-",3677,"L1","-0.5",-0.387151149119667
"2789","L1 16","gp",3,"0.5","0","-","-",3760,"L1","-0.5",-0.353458732853905
"2796","L1 16","gp",22,"-0.5","0","-","-",5355,"L1","-0.5",0.294003965265254
"2800","L1 16","gp",7,"0.5","0","-","-",4468,"L1","-0.5",-0.0660583627796951
"2803","L1 16","gp",13,"0.5","0","-","-",4049,"L1","0.5",-0.236144175012878
"2806","L1 16","gp",17,"0.5","0","-","-",2797,"L1","0.5",-0.744371948081961
"2812","L1 16","gp",1,"0.5","0","-","-",5589,"L1","0.5",0.388992223171137
"2819","L1 16","gp",16,"-0.5","0","-","-",4981,"L1","0.5",0.142185125706279
"2837","L1 16","gp",9,"0.5","0","-","-",4741,"L1","0.5",0.0447612714438349
"2840","L1 16","gp",8,"-0.5","0","-","-",3866,"L1","0.5",-0.310429863887992
"2844","L1 16","gp",14,"-0.5","0","-","-",3651,"L1","-0.5",-0.397705399998098
"2849","L1 16","gp",23,"0.5","0","-","-",3232,"L1","-0.5",-0.567791212231281
"2852","L1 16","gp",20,"-0.5","0","-","-",2513,"L1","0.5",-0.85965684229252
"2856","L1 16","gp",2,"-0.5","0","-","-",5219,"L1","-0.5",0.238797114516536
"2864","L1 16","gp",21,"0.5","0","-","-",2825,"L1","0.5",-0.733005831751343
"2870","L1 16","gp",11,"0.5","0","-","-",4147,"L1","-0.5",-0.196362767855714
"2877","L1 16","gp",4,"-0.5","0","-","-",4121,"L1","0.5",-0.206917018734145
"2894","L1 17","gp",13,"-0.5","0","-","-",3656,"L1","-0.5",-0.39567573636763
"2901","L1 17","gp",12,"0.5","0","-","-",5807,"L1","0.5",0.477485557459524
"2904","L1 17","gp",14,"0.5","0","-","-",2691,"L1","-0.5",-0.787400817047874
"2911","L1 17","gp",18,"0.5","0","-","-",3454,"L1","-0.5",-0.477674147038521
"2914","L1 17","gp",9,"-0.5","0","-","-",2565,"L1","-0.5",-0.838548340535657
"2925","L1 17","gp",15,"-0.5","0","-","-",1971,"L1","0.5",-1.07967237983521
"2933","L1 17","gp",24,"0.5","0","-","-",3035,"L1","0.5",-0.647759959271704
"2947","L1 17","gp",20,"0.5","0","-","-",2818,"L1","0.5",-0.735847360833997
"2957","L1 17","gp",8,"0.5","0","-","-",4458,"L1","0.5",-0.0701176900406302
"2961","L1 17","gp",6,"0.5","0","-","-",5422,"L1","-0.5",0.32120145791352
"2969","L1 17","gp",21,"-0.5","0","-","-",9630,"L1","-0.5",2.02936636931504
"2981","L1 17","gp",10,"0.5","0","-","-",2921,"L1","-0.5",-0.694036290046365
"2987","L1 17","gp",11,"-0.5","0","-","-",2639,"L1","0.5",-0.808509318804737
"2994","L1 17","gp",1,"-0.5","0","-","-",3317,"L1","-0.5",-0.533286930513333
"3005","L1 17","gp",3,"-0.5","0","-","-",2439,"L1","0.5",-0.88969586402344
"3012","L1 17","gp",17,"-0.5","0","-","-",4035,"L1","-0.5",-0.241827233178188
"3022","L1 17","gp",7,"-0.5","0","-","-",3141,"L1","0.5",-0.604731090305791
"3028","L1 17","gp",5,"-0.5","0","-","-",1802,"L1","-0.5",-1.14827501054501
"3032","L1 17","gp",16,"0.5","0","-","-",2596,"L1","0.5",-0.825964426026758
"3038","L1 17","gp",19,"-0.5","0","-","-",3044,"L1","0.5",-0.644106564736863
"3041","L1 17","gp",4,"0.5","0","-","-",3345,"L1","0.5",-0.521920814182714
"3044","L1 17","gp",22,"0.5","0","-","-",2218,"L1","-0.5",-0.979406996490107
"3051","L1 17","gp",2,"0.5","0","-","-",2380,"L1","-0.5",-0.913645894862957
"3054","L1 17","gp",23,"-0.5","0","-","-",16303,"L1","0.5",4.73815545053707
"3075","L1 18","gp",9,"0.5","0","-","-",2759,"L1","-0.5",-0.759797391673515
"3082","L1 18","gp",23,"0.5","0","-","-",1864,"L1","0.5",-1.12310718152721
"3086","L1 18","gp",19,"0.5","0","-","-",2274,"L1","0.5",-0.95667476382887
"3097","L1 18","gp",15,"0.5","0","-","-",1778,"L1","0.5",-1.15801739597125
"3101","L1 18","gp",3,"0.5","0","-","-",1773,"L1","0.5",-1.16004705960172
"3108","L1 18","gp",22,"-0.5","0","-","-",4658,"L1","0.5",0.0110688551780731
"3112","L1 18","gp",24,"-0.5","0","-","-",4417,"L1","-0.5",-0.0867609318104644
"3119","L1 18","gp",17,"0.5","0","-","-",3013,"L1","-0.5",-0.656690479245762
"3123","L1 18","gp",14,"-0.5","0","-","-",3721,"L1","0.5",-0.369290109171552
"3128","L1 18","gp",12,"-0.5","0","-","-",6309,"L1","-0.5",0.681263785958469
"3135","L1 18","gp",6,"-0.5","0","-","-",4209,"L1","0.5",-0.171194938837916
"3143","L1 18","gp",16,"-0.5","0","-","-",5286,"L1","-0.5",0.265994607164801
"3156","L1 18","gp",20,"-0.5","0","-","-",7633,"L1","-0.5",1.21871871530628
"3160","L1 18","gp",21,"0.5","0","-","-",877,"L1","-0.5",-1.52376278218151
"3168","L1 18","gp",5,"0.5","0","-","-",2908,"L1","-0.5",-0.699313415485581
"3171","L1 18","gp",18,"-0.5","0","-","-",2083,"L1","0.5",-1.03420791451273
"3181","L1 18","gp",11,"0.5","0","-","-",2517,"L1","0.5",-0.858033111388146
"3188","L1 18","gp",4,"-0.5","0","-","-",6589,"L1","-0.5",0.794924949264653
"3191","L1 18","gp",13,"0.5","0","-","-",2808,"L1","-0.5",-0.739906688094932
"3203","L1 18","gp",7,"0.5","0","-","-",3509,"L1","0.5",-0.455347847103377
"3207","L1 18","gp",8,"-0.5","0","-","-",7195,"L1","-0.5",1.04092018127732
"3224","L1 18","gp",1,"0.5","0","-","-",1771,"L1","-0.5",-1.16085892505391
"3227","L1 18","gp",2,"-0.5","0","-","-",5655,"L1","0.5",0.415783783093309
"3230","L1 18","gp",10,"-0.5","0","-","-",7755,"L1","0.5",1.26824250788969
"3255","L1 19","gp",14,"0.5","0","-","-",5217,"L1","0.5",0.237985249064349
"3266","L1 19","gp",4,"0.5","0","-","-",4653,"L1","-0.5",0.00903919154760549
"3274","L1 19","gp",19,"-0.5","0","-","-",7414,"L1","-0.5",1.1298194482918
"3277","L1 19","gp",1,"-0.5","0","-","-",4760,"L1","0.5",0.0524739932396118
"3284","L1 19","gp",21,"-0.5","0","-","-",5392,"L1","0.5",0.309023476130714
"3296","L1 19","gp",12,"0.5","0","-","-",4163,"L1","-0.5",-0.189867844238218
"3301","L1 19","gp",17,"-0.5","0","-","-",5031,"L1","0.5",0.162481762010955
"3305","L1 19","gp",24,"0.5","0","-","-",4785,"L1","-0.5",0.0626223113919497
"3311","L1 19","gp",5,"-0.5","0","-","-",3847,"L1","0.5",-0.318142585683769
"3322","L1 19","gp",10,"0.5","0","-","-",6470,"L1","0.5",0.746618954859525
"3330","L1 19","gp",6,"0.5","0","-","-",6106,"L1","0.5",0.598859442561485
"3333","L1 19","gp",9,"-0.5","0","-","-",3401,"L1","0.5",-0.499188581521477
"3343","L1 19","gp",3,"-0.5","0","-","-",7188,"L1","-0.5",1.03807865219467
"3349","L1 19","gp",11,"-0.5","0","-","-",3651,"L1","-0.5",-0.397705399998098
"3357","L1 19","gp",16,"0.5","0","-","-",4013,"L1","-0.5",-0.250757753152245
"3360","L1 19","gp",8,"0.5","0","-","-",2766,"L1","-0.5",-0.75695586259086
"3364","L1 19","gp",7,"-0.5","0","-","-",4474,"L1","-0.5",-0.063622766423134
"3375","L1 19","gp",20,"0.5","0","-","-",5079,"L1","-0.5",0.181966532863443
"3381","L1 19","gp",18,"0.5","0","-","-",4576,"L1","0.5",-0.0222176283615953
"3392","L1 19","gp",23,"-0.5","0","-","-",4597,"L1","-0.5",-0.0136930411136314
"3395","L1 19","gp",13,"-0.5","0","-","-",5243,"L1","0.5",0.24853949994278
"3398","L1 19","gp",2,"0.5","0","-","-",6721,"L1","0.5",0.848508069108998
"3405","L1 19","gp",22,"0.5","0","-","-",4416,"L1","0.5",-0.0871668645365579
"3415","L1 19","gp",15,"-0.5","0","-","-",3906,"L1","-0.5",-0.294192554844251
"3434","L1 20","gp",13,"0.5","0","-","-",3209,"L1","0.5",-0.577127664931432
"3440","L1 20","gp",11,"0.5","0","-","-",2245,"L1","-0.5",-0.968446812885582
"3451","L1 20","gp",5,"0.5","0","-","-",4684,"L1","0.5",0.0216231060565045
"3454","L1 20","gp",22,"-0.5","0","-","-",5203,"L1","-0.5",0.23230219089904
"3462","L1 20","gp",8,"-0.5","0","-","-",4714,"L1","0.5",0.03380108783931
"3477","L1 20","gp",10,"-0.5","0","-","-",4291,"L1","-0.5",-0.137908455298247
"3484","L1 20","gp",4,"-0.5","0","-","-",8783,"L1","0.5",1.68554135031383
"3491","L1 20","gp",20,"-0.5","0","-","-",4746,"L1","0.5",0.0467909350743025
"3498","L1 20","gp",9,"0.5","0","-","-",2652,"L1","0.5",-0.803232193365521
"3506","L1 20","gp",23,"0.5","0","-","-",2728,"L1","-0.5",-0.772381306182414
"3515","L1 20","gp",12,"-0.5","0","-","-",10695,"L1","0.5",2.46168472260463
"3522","L1 20","gp",24,"-0.5","0","-","-",28067,"L1","0.5",9.5135480403012
"3526","L1 20","gp",3,"0.5","0","-","-",5598,"L1","-0.5",0.392645617705979
"3530","L1 20","gp",7,"0.5","0","-","-",4463,"L1","-0.5",-0.0680880264101626
"3535","L1 20","gp",21,"0.5","0","-","-",4233,"L1","0.5",-0.161452553411671
"3546","L1 20","gp",17,"0.5","0","-","-",4506,"L1","0.5",-0.0506329191881414
"3553","L1 20","gp",18,"-0.5","0","-","-",7795,"L1","-0.5",1.28447981693343
"3559","L1 20","gp",6,"-0.5","0","-","-",4850,"L1","-0.5",0.0890079385880282
"3566","L1 20","gp",16,"-0.5","0","-","-",16095,"L1","0.5",4.65372144350962
"3576","L1 20","gp",2,"-0.5","0","-","-",6518,"L1","-0.5",0.766103725712014
"3580","L1 20","gp",14,"-0.5","0","-","-",5433,"L1","-0.5",0.325666717900548
"3588","L1 20","gp",1,"0.5","0","-","-",3457,"L1","0.5",-0.47645634886024
"3595","L1 20","gp",15,"0.5","0","-","-",2865,"L1","-0.5",-0.716768522707602
"3598","L1 20","gp",19,"0.5","0","-","-",3479,"L1","-0.5",-0.467525828886183
"3617","L1 21","gp",9,"-0.5","0","-","-",2580,"L1","-0.5",-0.832459349644254
"3624","L1 21","gp",18,"0.5","0","-","-",2214,"L1","-0.5",-0.981030727394481
"3631","L1 21","gp",20,"0.5","0","-","-",2122,"L1","0.5",-1.01837653819508
"3634","L1 21","gp",13,"-0.5","0","-","-",4523,"L1","-0.5",-0.0437320628445517
"3640","L1 21","gp",8,"0.5","0","-","-",2125,"L1","0.5",-1.0171587400168
"3647","L1 21","gp",24,"0.5","0","-","-",6515,"L1","0.5",0.764885927533733
"3654","L1 21","gp",2,"0.5","0","-","-",2739,"L1","-0.5",-0.767916046195385
"3658","L1 21","gp",21,"-0.5","0","-","-",4939,"L1","-0.5",0.125135951210351
"3665","L1 21","gp",19,"-0.5","0","-","-",3773,"L1","0.5",-0.348181607414689
"3686","L1 21","gp",1,"-0.5","0","-","-",6184,"L1","-0.5",0.630522195196779
"3689","L1 21","gp",16,"0.5","0","-","-",5616,"L1","0.5",0.399952406775662
"3713","L1 21","gp",22,"0.5","0","-","-",3834,"L1","-0.5",-0.323419711122985
"3721","L1 21","gp",10,"0.5","0","-","-",3297,"L1","-0.5",-0.541405585035203
"3725","L1 21","gp",15,"-0.5","0","-","-",4493,"L1","0.5",-0.0559100446273572
"3732","L1 21","gp",4,"0.5","0","-","-",1970,"L1","0.5",-1.0800783125613
"3736","L1 21","gp",3,"-0.5","0","-","-",7952,"L1","0.5",1.34821125493012
"3739","L1 21","gp",12,"0.5","0","-","-",6548,"L1","0.5",0.778281707494819
"3746","L1 21","gp",23,"-0.5","0","-","-",4574,"L1","0.5",-0.0230294938137823
"3750","L1 21","gp",11,"-0.5","0","-","-",2398,"L1","0.5",-0.906339105793274
"3756","L1 21","gp",6,"0.5","0","-","-",2052,"L1","-0.5",-1.04679182902163
"3760","L1 21","gp",5,"-0.5","0","-","-",2192,"L1","-0.5",-0.989961247368539
"3763","L1 21","gp",17,"-0.5","0","-","-",4294,"L1","-0.5",-0.136690657119967
"3767","L1 21","gp",14,"0.5","0","-","-",4558,"L1","-0.5",-0.0295244174312786
"3774","L1 21","gp",7,"-0.5","0","-","-",1868,"L1","0.5",-1.12148345062284
"3801","L1 22","gp",2,"-0.5","0","-","-",8608,"L1","0.5",1.61450312324746
"3821","L1 22","gp",5,"0.5","0","-","-",4645,"L1","-0.5",0.00579172973885735
"3825","L1 22","gp",3,"0.5","0","-","-",3935,"L1","0.5",-0.282420505787539
"3839","L1 22","gp",8,"-0.5","0","-","-",8299,"L1","-0.5",1.48906991088457
"3851","L1 22","gp",9,"0.5","0","-","-",4219,"L1","-0.5",-0.167135611576981
"3858","L1 22","gp",22,"-0.5","0","-","-",17700,"L1","0.5",5.30524346888971
"3866","L1 22","gp",24,"-0.5","0","-","-",7675,"L1","-0.5",1.23576788980221
"3869","L1 22","gp",12,"-0.5","0","-","-",10630,"L1","-0.5",2.43529909540855
"3874","L1 22","gp",17,"0.5","0","-","-",4517,"L1","-0.5",-0.0461676592011128
"3881","L1 22","gp",1,"0.5","0","-","-",4965,"L1","-0.5",0.135690202088783
"3888","L1 22","gp",14,"-0.5","0","-","-",9244,"L1","0.5",1.87267633704294
"3892","L1 22","gp",19,"0.5","0","-","-",8499,"L1","0.5",1.57025645610327
"3898","L1 22","gp",10,"-0.5","0","-","-",4158,"L1","0.5",-0.191897507868685
"3901","L1 22","gp",7,"0.5","0","-","-",3619,"L1","0.5",-0.410695247233091
"3904","L1 22","gp",23,"0.5","0","-","-",3656,"L1","0.5",-0.39567573636763
"3908","L1 22","gp",15,"0.5","0","-","-",4311,"L1","0.5",-0.129789800776377
"3911","L1 22","gp",21,"0.5","0","-","-",3067,"L1","-0.5",-0.634770112036712
"3919","L1 22","gp",16,"-0.5","0","-","-",8139,"L1","-0.5",1.4241206747096
"3929","L1 22","gp",6,"-0.5","0","-","-",5049,"L1","0.5",0.169788551080638
"3933","L1 22","gp",11,"0.5","0","-","-",4548,"L1","0.5",-0.0335837446922137
"3940","L1 22","gp",18,"-0.5","0","-","-",3354,"L1","0.5",-0.518267419647872
"3944","L1 22","gp",13,"0.5","0","-","-",4472,"L1","-0.5",-0.064434631875321
"3955","L1 22","gp",20,"-0.5","0","-","-",6009,"L1","-0.5",0.559483968130414
"3958","L1 22","gp",4,"-0.5","0","-","-",5010,"L1","-0.5",0.153957174762991
"3975","L1 23","gp",13,"-0.5","0","-","-",6109,"L1","0.5",0.600077240739766
"3978","L1 23","gp",10,"0.5","0","-","-",5786,"L1","0.5",0.46896097021156
"3981","L1 23","gp",22,"0.5","0","-","-",8647,"L1","0.5",1.63033449956511
"3989","L1 23","gp",4,"0.5","0","-","-",3640,"L1","-0.5",-0.402170659985127
"3994","L1 23","gp",12,"0.5","0","-","-",3596,"L1","-0.5",-0.420031699933241
"4000","L1 23","gp",7,"-0.5","0","-","-",6295,"L1","-0.5",0.67558072779316
"4004","L1 23","gp",6,"0.5","0","-","-",9448,"L1","0.5",1.95548661316602
"4019","L1 23","gp",23,"-0.5","0","-","-",14215,"L1","-0.5",3.89056791845381
"4023","L1 23","gp",21,"-0.5","0","-","-",7558,"L1","0.5",1.18827376084927
"4027","L1 23","gp",19,"-0.5","0","-","-",3941,"L1","-0.5",-0.279984909430978
"4030","L1 23","gp",5,"-0.5","0","-","-",10955,"L1","0.5",2.56722723138895
"4033","L1 23","gp",15,"-0.5","0","-","-",7899,"L1","-0.5",1.32669682044716
"4037","L1 23","gp",2,"0.5","0","-","-",4539,"L1","0.5",-0.0372371392270554
"4048","L1 23","gp",11,"-0.5","0","-","-",4049,"L1","-0.5",-0.236144175012878
"4051","L1 23","gp",1,"-0.5","0","-","-",5365,"L1","0.5",0.298063292526189
"4065","L1 23","gp",24,"0.5","0","-","-",3023,"L1","-0.5",-0.652631151984826
"4073","L1 23","gp",8,"0.5","0","-","-",4053,"L1","-0.5",-0.234520444108504
"4079","L1 23","gp",3,"-0.5","0","-","-",7934,"L1","-0.5",1.34090446586043
"4085","L1 23","gp",20,"0.5","0","-","-",2366,"L1","-0.5",-0.919328953028267
"4107","L1 23","gp",17,"-0.5","0","-","-",5659,"L1","0.5",0.417407513997683
"4120","L1 23","gp",14,"0.5","0","-","-",9744,"L1","0.5",2.0756427000897
"4127","L1 23","gp",18,"0.5","0","-","-",2238,"L1","0.5",-0.971288341968237
"4131","L1 23","gp",9,"-0.5","0","-","-",4366,"L1","0.5",-0.107463500841234
"4137","L1 23","gp",16,"0.5","0","-","-",11150,"L1","-0.5",2.64638411297718
"4159","L1 24","gp",22,"-0.5","0","-","-",8811,"L1","-0.5",1.69690746664445
"4167","L1 24","gp",18,"-0.5","0","-","-",5449,"L1","-0.5",0.332161641518045
"4170","L1 24","gp",2,"-0.5","0","-","-",3021,"L1","-0.5",-0.653443017437013
"4185","L1 24","gp",12,"-0.5","0","-","-",4046,"L1","0.5",-0.237361973191159
"4194","L1 24","gp",17,"0.5","0","-","-",2772,"L1","0.5",-0.754520266234299
"4202","L1 24","gp",20,"-0.5","0","-","-",5106,"L1","0.5",0.192926716467968
"4205","L1 24","gp",6,"-0.5","0","-","-",4375,"L1","-0.5",-0.103810106306392
"4208","L1 24","gp",23,"0.5","0","-","-",3329,"L1","-0.5",-0.52841573780021
"4215","L1 24","gp",4,"-0.5","0","-","-",3122,"L1","0.5",-0.612443812101568
"4218","L1 24","gp",1,"0.5","0","-","-",2708,"L1","0.5",-0.780499960704284
"4226","L1 24","gp",16,"-0.5","0","-","-",3601,"L1","0.5",-0.418002036302774
"4232","L1 24","gp",15,"0.5","0","-","-",2498,"L1","-0.5",-0.865745833183923
"4236","L1 24","gp",14,"-0.5","0","-","-",4050,"L1","-0.5",-0.235738242286785
"4252","L1 24","gp",9,"0.5","0","-","-",3887,"L1","0.5",-0.301905276640028
"4256","L1 24","gp",3,"0.5","0","-","-",3129,"L1","-0.5",-0.609602283018914
"4263","L1 24","gp",5,"0.5","0","-","-",3305,"L1","0.5",-0.538158123226455
"4270","L1 24","gp",21,"0.5","0","-","-",3094,"L1","0.5",-0.623809928432187
"4277","L1 24","gp",8,"-0.5","0","-","-",3411,"L1","0.5",-0.495129254260542
"4285","L1 24","gp",24,"-0.5","0","-","-",3472,"L1","0.5",-0.470367357968837
"4288","L1 24","gp",11,"0.5","0","-","-",2735,"L1","-0.5",-0.769539777099759
"4299","L1 24","gp",13,"0.5","0","-","-",4850,"L1","0.5",0.0890079385880282
"4307","L1 24","gp",19,"0.5","0","-","-",5292,"L1","-0.5",0.268430203521363
"4311","L1 24","gp",7,"0.5","0","-","-",4885,"L1","-0.5",0.103215584001301
"4318","L1 24","gp",10,"-0.5","0","-","-",6430,"L1","-0.5",0.730381645815784
"4338","L1 25","gp",3,"-0.5","0","-","-",5316,"L1","0.5",0.278172588947607
"4341","L1 25","gp",21,"-0.5","0","-","-",4257,"L1","-0.5",-0.151710167985427
"4350","L1 25","gp",5,"-0.5","0","-","-",2335,"L1","-0.5",-0.931912867537166
"4360","L1 25","gp",15,"-0.5","0","-","-",3403,"L1","0.5",-0.49837671606929
"4370","L1 25","gp",9,"-0.5","0","-","-",2722,"L1","-0.5",-0.774816902538975
"4373","L1 25","gp",14,"0.5","0","-","-",3493,"L1","-0.5",-0.461842770720874
"4390","L1 25","gp",17,"-0.5","0","-","-",2855,"L1","-0.5",-0.720827849968537
"4394","L1 25","gp",4,"0.5","0","-","-",4053,"L1","0.5",-0.234520444108504
"4397","L1 25","gp",13,"-0.5","0","-","-",4293,"L1","-0.5",-0.13709658984606
"4400","L1 25","gp",19,"-0.5","0","-","-",4640,"L1","0.5",0.00376206610838977
"4408","L1 25","gp",18,"0.5","0","-","-",2474,"L1","-0.5",-0.875488218610167
"4415","L1 25","gp",22,"0.5","0","-","-",2870,"L1","-0.5",-0.714738859077134
"4422","L1 25","gp",10,"0.5","0","-","-",4318,"L1","-0.5",-0.126948271693723
"4426","L1 25","gp",1,"-0.5","0","-","-",3746,"L1","-0.5",-0.359141791019214
"4433","L1 25","gp",23,"-0.5","0","-","-",5005,"L1","0.5",0.151927511132523
"4436","L1 25","gp",24,"0.5","0","-","-",5423,"L1","0.5",0.321607390639613
"4446","L1 25","gp",6,"0.5","0","-","-",4050,"L1","-0.5",-0.235738242286785
"4450","L1 25","gp",16,"0.5","0","-","-",3380,"L1","0.5",-0.507713168769441
"4453","L1 25","gp",12,"0.5","0","-","-",3362,"L1","0.5",-0.515019957839124
"4459","L1 25","gp",2,"0.5","0","-","-",4232,"L1","-0.5",-0.161858486137765
"4471","L1 25","gp",7,"-0.5","0","-","-",5008,"L1","0.5",0.153145309310804
"4479","L1 25","gp",8,"0.5","0","-","-",3300,"L1","0.5",-0.540187786856922
"4486","L1 25","gp",20,"0.5","0","-","-",2407,"L1","0.5",-0.902685711258433
"4494","L1 25","gp",11,"-0.5","0","-","-",3167,"L1","0.5",-0.59417683942736
"4519","L1 26","gp",23,"0.5","0","-","-",4518,"L1","0.5",-0.0457617264750192
"4523","L1 26","gp",8,"-0.5","0","-","-",12210,"L1","-0.5",3.07667280263631
"4527","L1 26","gp",7,"0.5","0","-","-",7320,"L1","0.5",1.09166177203901
"4531","L1 26","gp",24,"-0.5","0","-","-",6212,"L1","-0.5",0.641888311527398
"4539","L1 26","gp",14,"-0.5","0","-","-",3452,"L1","0.5",-0.478486012490708
"4546","L1 26","gp",19,"0.5","0","-","-",4238,"L1","0.5",-0.159422889781204
"4557","L1 26","gp",21,"0.5","0","-","-",5064,"L1","-0.5",0.175877541972041
"4561","L1 26","gp",20,"-0.5","0","-","-",4910,"L1","-0.5",0.113363902153639
"4579","L1 26","gp",11,"0.5","0","-","-",2654,"L1","0.5",-0.802420327913334
"4586","L1 26","gp",9,"0.5","0","-","-",6715,"L1","-0.5",0.846072472752436
"4590","L1 26","gp",16,"-0.5","0","-","-",12410,"L1","-0.5",3.15785934785501
"4603","L1 26","gp",13,"0.5","0","-","-",2687,"L1","-0.5",-0.789024547952248
"4612","L1 26","gp",17,"0.5","0","-","-",4627,"L1","-0.5",-0.00151505933082594
"4616","L1 26","gp",4,"-0.5","0","-","-",4113,"L1","-0.5",-0.210164480542893
"4623","L1 26","gp",18,"-0.5","0","-","-",7001,"L1","0.5",0.962169232415182
"4626","L1 26","gp",5,"0.5","0","-","-",2877,"L1","-0.5",-0.71189732999448
"4629","L1 26","gp",22,"-0.5","0","-","-",3618,"L1","0.5",-0.411101179959184
"4638","L1 26","gp",2,"-0.5","0","-","-",4624,"L1","0.5",-0.00273285750910649
"4645","L1 26","gp",1,"0.5","0","-","-",2869,"L1","-0.5",-0.715144791803228
"4648","L1 26","gp",3,"0.5","0","-","-",6252,"L1","0.5",0.658125620571138
"4652","L1 26","gp",12,"-0.5","0","-","-",6372,"L1","-0.5",0.70683754770236
"4666","L1 26","gp",15,"0.5","0","-","-",2383,"L1","0.5",-0.912428096684677
"4674","L1 26","gp",6,"-0.5","0","-","-",4526,"L1","0.5",-0.0425142646662711
"4677","L1 26","gp",10,"-0.5","0","-","-",3113,"L1","0.5",-0.61609720663641
"4697","L1 27","gp",10,"0.5","0","-","-",4541,"L1","0.5",-0.0364252737748684
"4701","L1 27","gp",7,"-0.5","0","-","-",7266,"L1","-0.5",1.06974140482996
"4711","L1 27","gp",6,"0.5","0","-","-",5375,"L1","0.5",0.302122619787124
"4714","L1 27","gp",11,"-0.5","0","-","-",2982,"L1","-0.5",-0.669274393754661
"4725","L1 27","gp",21,"-0.5","0","-","-",4581,"L1","0.5",-0.0201879647311277
"4732","L1 27","gp",24,"0.5","0","-","-",6257,"L1","-0.5",0.660155284201606
"4739","L1 27","gp",13,"-0.5","0","-","-",2277,"L1","0.5",-0.95545696565059
"4746","L1 27","gp",23,"-0.5","0","-","-",2624,"L1","-0.5",-0.814598309696139
"4749","L1 27","gp",4,"0.5","0","-","-",3227,"L1","-0.5",-0.569820875861749
"4756","L1 27","gp",14,"0.5","0","-","-",8302,"L1","0.5",1.49028770906285
"4762","L1 27","gp",15,"-0.5","0","-","-",3505,"L1","-0.5",-0.456971578007751
"4773","L1 27","gp",16,"0.5","0","-","-",2323,"L1","-0.5",-0.936784060250288
"4780","L1 27","gp",20,"0.5","0","-","-",3459,"L1","-0.5",-0.475644483408053
"4788","L1 27","gp",12,"0.5","0","-","-",6684,"L1","-0.5",0.833488558243538
"4796","L1 27","gp",9,"-0.5","0","-","-",4649,"L1","0.5",0.00741546064323142
"4799","L1 27","gp",2,"0.5","0","-","-",4194,"L1","0.5",-0.177283929729319
"4822","L1 27","gp",18,"0.5","0","-","-",4939,"L1","0.5",0.125135951210351
"4825","L1 27","gp",22,"0.5","0","-","-",1946,"L1","0.5",-1.08982069798754
"4829","L1 27","gp",5,"-0.5","0","-","-",4068,"L1","0.5",-0.228431453217102
"4836","L1 27","gp",17,"-0.5","0","-","-",1799,"L1","0.5",-1.14949280872329
"4842","L1 27","gp",8,"0.5","0","-","-",1623,"L1","-0.5",-1.22093696851575
"4850","L1 27","gp",1,"-0.5","0","-","-",1820,"L1","0.5",-1.14096822147533
"4854","L1 27","gp",19,"-0.5","0","-","-",2235,"L1","-0.5",-0.972506140146517
"4858","L1 27","gp",3,"-0.5","0","-","-",2434,"L1","-0.5",-0.891725527653908
"4881","L1 28","gp",20,"-0.5","0","-","-",3569,"L1","0.5",-0.430991883537766
"4889","L1 28","gp",6,"-0.5","0","-","-",6367,"L1","-0.5",0.704807884071893
"4896","L1 28","gp",11,"0.5","0","-","-",2479,"L1","-0.5",-0.873458554979699
"4900","L1 28","gp",13,"0.5","0","-","-",3549,"L1","0.5",-0.439110538059637
"4907","L1 28","gp",7,"0.5","0","-","-",5299,"L1","-0.5",0.271271732604017
"4911","L1 28","gp",10,"-0.5","0","-","-",5855,"L1","-0.5",0.496970328312012
"4922","L1 28","gp",24,"-0.5","0","-","-",5128,"L1","0.5",0.201857236442026
"4928","L1 28","gp",4,"-0.5","0","-","-",8907,"L1","0.5",1.73587700834942
"4939","L1 28","gp",2,"-0.5","0","-","-",6437,"L1","-0.5",0.733223174898439
"4942","L1 28","gp",3,"0.5","0","-","-",3234,"L1","-0.5",-0.566979346779094
"4950","L1 28","gp",23,"0.5","0","-","-",2832,"L1","-0.5",-0.730164302668688
"4957","L1 28","gp",16,"-0.5","0","-","-",4391,"L1","0.5",-0.0973151826888958
"4960","L1 28","gp",8,"-0.5","0","-","-",4639,"L1","0.5",0.00335613338229626
"4970","L1 28","gp",22,"-0.5","0","-","-",5810,"L1","-0.5",0.478703355637804
"4973","L1 28","gp",17,"0.5","0","-","-",2109,"L1","0.5",-1.0236536636343
"4976","L1 28","gp",12,"-0.5","0","-","-",4532,"L1","0.5",-0.04007866830971
"4983","L1 28","gp",1,"0.5","0","-","-",2288,"L1","0.5",-0.950991705663561
"4989","L1 28","gp",14,"-0.5","0","-","-",5018,"L1","-0.5",0.157204636571739
"4992","L1 28","gp",15,"0.5","0","-","-",2442,"L1","-0.5",-0.888478065845159
"4999","L1 28","gp",19,"0.5","0","-","-",6716,"L1","-0.5",0.84647840547853
"5007","L1 28","gp",21,"0.5","0","-","-",3674,"L1","0.5",-0.388368947297947
"5015","L1 28","gp",9,"0.5","0","-","-",2732,"L1","0.5",-0.77075757527804
"5028","L1 28","gp",18,"-0.5","0","-","-",3881,"L1","-0.5",-0.304340872996589
"5037","L1 28","gp",5,"0.5","0","-","-",1955,"L1","0.5",-1.0861673034527
"5054","L1 29","gp",7,"-0.5","0","-","-",3982,"L1","0.5",-0.263341667661144
"5061","L1 29","gp",18,"0.5","0","-","-",3145,"L1","-0.5",-0.603107359401417
"5068","L1 29","gp",20,"0.5","0","-","-",4383,"L1","0.5",-0.100562644497644
"5072","L1 29","gp",17,"-0.5","0","-","-",4910,"L1","-0.5",0.113363902153639
"5076","L1 29","gp",5,"-0.5","0","-","-",6492,"L1","-0.5",0.755549474833582
"5080","L1 29","gp",8,"0.5","0","-","-",3367,"L1","0.5",-0.512990294208657
"5091","L1 29","gp",24,"0.5","0","-","-",4144,"L1","0.5",-0.197580566033994
"5099","L1 29","gp",16,"0.5","0","-","-",3153,"L1","0.5",-0.599859897592669
"5105","L1 29","gp",3,"-0.5","0","-","-",8698,"L1","0.5",1.65103706859588
"5112","L1 29","gp",22,"0.5","0","-","-",3378,"L1","-0.5",-0.508525034221628
"5124","L1 29","gp",9,"-0.5","0","-","-",5489,"L1","-0.5",0.348398950561785
"5131","L1 29","gp",4,"0.5","0","-","-",3388,"L1","0.5",-0.504465706960693
"5134","L1 29","gp",2,"0.5","0","-","-",2715,"L1","-0.5",-0.77765843162163
"5137","L1 29","gp",12,"0.5","0","-","-",2277,"L1","0.5",-0.95545696565059
"5148","L1 29","gp",13,"-0.5","0","-","-",3059,"L1","-0.5",-0.63801757384546
"5154","L1 29","gp",21,"-0.5","0","-","-",2956,"L1","-0.5",-0.679828644633092
"5161","L1 29","gp",19,"-0.5","0","-","-",4287,"L1","0.5",-0.139532186202622
"5168","L1 29","gp",14,"0.5","0","-","-",3845,"L1","-0.5",-0.318954451135956
"5175","L1 29","gp",23,"-0.5","0","-","-",4328,"L1","0.5",-0.122888944432787
"5183","L1 29","gp",6,"0.5","0","-","-",3286,"L1","-0.5",-0.545870845022232
"5198","L1 29","gp",11,"-0.5","0","-","-",4085,"L1","0.5",-0.221530596873512
"5201","L1 29","gp",15,"-0.5","0","-","-",2760,"L1","0.5",-0.759391458947421
"5211","L1 29","gp",1,"-0.5","0","-","-",3963,"L1","-0.5",-0.271054389456921
"5215","L1 29","gp",10,"0.5","0","-","-",2792,"L1","-0.5",-0.746401611712429
"5238","L1 30","gp",3,"0.5","0","-","-",3549,"L1","0.5",-0.439110538059637
"5246","L1 30","gp",15,"0.5","0","-","-",3726,"L1","0.5",-0.367260445541084
"5262","L1 30","gp",17,"0.5","0","-","-",2673,"L1","-0.5",-0.794707606117557
"5268","L1 30","gp",24,"-0.5","0","-","-",7638,"L1","-0.5",1.22074837893675
"5276","L1 30","gp",14,"-0.5","0","-","-",4023,"L1","0.5",-0.24669842589131
"5281","L1 30","gp",10,"-0.5","0","-","-",7041,"L1","0.5",0.978406541458923
"5285","L1 30","gp",6,"-0.5","0","-","-",3892,"L1","0.5",-0.299875613009561
"5289","L1 30","gp",8,"-0.5","0","-","-",5681,"L1","-0.5",0.42633803397174
"5295","L1 30","gp",7,"0.5","0","-","-",3379,"L1","0.5",-0.508119101495535
"5302","L1 30","gp",11,"0.5","0","-","-",2901,"L1","0.5",-0.702154944568235
"5305","L1 30","gp",23,"0.5","0","-","-",2177,"L1","0.5",-0.996050238259941
"5308","L1 30","gp",5,"0.5","0","-","-",3146,"L1","-0.5",-0.602701426675324
"5311","L1 30","gp",4,"-0.5","0","-","-",5827,"L1","-0.5",0.485604211981394
"5320","L1 30","gp",12,"-0.5","0","-","-",9650,"L1","-0.5",2.03748502383691
"5324","L1 30","gp",20,"-0.5","0","-","-",5589,"L1","-0.5",0.388992223171137
"5328","L1 30","gp",2,"-0.5","0","-","-",5786,"L1","0.5",0.46896097021156
"5332","L1 30","gp",1,"0.5","0","-","-",2165,"L1","-0.5",-1.00092143097306
"5340","L1 30","gp",22,"-0.5","0","-","-",2409,"L1","0.5",-0.901873845806246
"5354","L1 30","gp",9,"0.5","0","-","-",2974,"L1","-0.5",-0.672521855563409
"5365","L1 30","gp",19,"0.5","0","-","-",4058,"L1","0.5",-0.232490780478037
"5368","L1 30","gp",18,"-0.5","0","-","-",5739,"L1","0.5",0.449882132085164
"5383","L1 30","gp",13,"0.5","0","-","-",3446,"L1","-0.5",-0.480921608847269
"5390","L1 30","gp",21,"0.5","0","-","-",1799,"L1","-0.5",-1.14949280872329
"5394","L1 30","gp",16,"-0.5","0","-","-",5021,"L1","-0.5",0.15842243475002
"5417","L1 31","gp",7,"-0.5","0","-","-",5438,"L1","-0.5",0.327696381531016
"5425","L1 31","gp",12,"0.5","0","-","-",8829,"L1","-0.5",1.70421425571413
"5432","L1 31","gp",3,"-0.5","0","-","-",4864,"L1","-0.5",0.0946909967533375
"5438","L1 31","gp",20,"0.5","0","-","-",4131,"L1","-0.5",-0.20285769147321
"5444","L1 31","gp",2,"0.5","0","-","-",4206,"L1","0.5",-0.172412737016196
"5451","L1 31","gp",14,"0.5","0","-","-",4653,"L1","0.5",0.00903919154760549
"5456","L1 31","gp",4,"0.5","0","-","-",4881,"L1","-0.5",0.101591853096927
"5464","L1 31","gp",16,"0.5","0","-","-",4558,"L1","-0.5",-0.0295244174312786
"5470","L1 31","gp",15,"-0.5","0","-","-",4768,"L1","-0.5",0.0557214550483599
"5478","L1 31","gp",24,"0.5","0","-","-",6422,"L1","-0.5",0.727134184007036
"5490","L1 31","gp",19,"-0.5","0","-","-",6249,"L1","-0.5",0.656907822392858
"5496","L1 31","gp",13,"-0.5","0","-","-",3742,"L1","0.5",-0.360765521923588
"5500","L1 31","gp",17,"-0.5","0","-","-",4013,"L1","0.5",-0.250757753152245
"5511","L1 31","gp",1,"-0.5","0","-","-",5939,"L1","0.5",0.531068677303868
"5515","L1 31","gp",8,"0.5","0","-","-",2706,"L1","-0.5",-0.781311826156471
"5525","L1 31","gp",22,"0.5","0","-","-",4566,"L1","0.5",-0.0262769556225304
"5532","L1 31","gp",23,"-0.5","0","-","-",3256,"L1","-0.5",-0.558048826805037
"5535","L1 31","gp",6,"0.5","0","-","-",9120,"L1","0.5",1.82234067900734
"5538","L1 31","gp",9,"-0.5","0","-","-",4972,"L1","0.5",0.138531731171437
"5544","L1 31","gp",18,"0.5","0","-","-",4480,"L1","0.5",-0.0611871700665729
"5551","L1 31","gp",21,"-0.5","0","-","-",2693,"L1","0.5",-0.786588951595687
"5562","L1 31","gp",11,"-0.5","0","-","-",5626,"L1","-0.5",0.404011734036597
"5566","L1 31","gp",5,"-0.5","0","-","-",2973,"L1","0.5",-0.672927788289502
"5574","L1 31","gp",10,"0.5","0","-","-",4720,"L1","0.5",0.0362366841958711
"5594","L1 32","gp",24,"-0.5","0","-","-",4583,"L1","0.5",-0.0193760992789407
"5597","L1 32","gp",7,"0.5","0","-","-",3259,"L1","-0.5",-0.556831028626756
"5604","L1 32","gp",5,"0.5","0","-","-",4650,"L1","0.5",0.00782139336932494
"5621","L1 32","gp",3,"0.5","0","-","-",6506,"L1","-0.5",0.761232532998891
"5625","L1 32","gp",17,"0.5","0","-","-",2183,"L1","0.5",-0.99361464190338
"5636","L1 32","gp",20,"-0.5","0","-","-",5318,"L1","0.5",0.278984454399794
"5640","L1 32","gp",2,"-0.5","0","-","-",4494,"L1","-0.5",-0.0555041119012636
"5646","L1 32","gp",8,"-0.5","0","-","-",5775,"L1","0.5",0.464495710224531
"5652","L1 32","gp",16,"-0.5","0","-","-",3488,"L1","0.5",-0.463872434351341
"5662","L1 32","gp",10,"-0.5","0","-","-",6982,"L1","-0.5",0.954456510619405
"5665","L1 32","gp",9,"0.5","0","-","-",6477,"L1","0.5",0.74946048394218
"5668","L1 32","gp",15,"0.5","0","-","-",2459,"L1","-0.5",-0.88157720950157
"5671","L1 32","gp",23,"0.5","0","-","-",2020,"L1","-0.5",-1.05978167625662
"5689","L1 32","gp",21,"0.5","0","-","-",3396,"L1","0.5",-0.501218245151945
"5692","L1 32","gp",13,"0.5","0","-","-",1746,"L1","0.5",-1.17100724320625
"5703","L1 32","gp",22,"-0.5","0","-","-",4824,"L1","-0.5",0.0784536877095968
"5706","L1 32","gp",4,"-0.5","0","-","-",3550,"L1","0.5",-0.438704605333543
"5714","L1 32","gp",1,"0.5","0","-","-",4376,"L1","0.5",-0.103404173580299
"5722","L1 32","gp",19,"0.5","0","-","-",9594,"L1","-0.5",2.01475279117567
"5729","L1 32","gp",18,"-0.5","0","-","-",2859,"L1","-0.5",-0.719204119064163
"5735","L1 32","gp",12,"-0.5","0","-","-",4079,"L1","0.5",-0.223966193230073
"5742","L1 32","gp",6,"-0.5","0","-","-",6149,"L1","-0.5",0.616314549783506
"5754","L1 32","gp",11,"0.5","0","-","-",2303,"L1","-0.5",-0.944902714772158
"5758","L1 32","gp",14,"-0.5","0","-","-",4585,"L1","-0.5",-0.0185642338267536
"5786","L1 33","gp",23,"-0.5","0","-","-",9069,"L1","0.5",1.80163810997657
"5790","L1 33","gp",2,"0.5","0","-","-",5224,"L1","-0.5",0.240826778147003
"5798","L1 33","gp",6,"0.5","0","-","-",7598,"L1","-0.5",1.20451106989301
"5809","L1 33","gp",20,"0.5","0","-","-",3908,"L1","0.5",-0.293380689392064
"5812","L1 33","gp",4,"0.5","0","-","-",11847,"L1","0.5",2.92931922306436
"5819","L1 33","gp",13,"-0.5","0","-","-",4001,"L1","-0.5",-0.255628945865367
"5826","L1 33","gp",7,"-0.5","0","-","-",6204,"L1","0.5",0.63864084971865
"5838","L1 33","gp",19,"-0.5","0","-","-",12757,"L1","0.5",3.29871800380946
"5841","L1 33","gp",21,"-0.5","0","-","-",5152,"L1","-0.5",0.21159962186827
"5844","L1 33","gp",9,"-0.5","0","-","-",3534,"L1","-0.5",-0.445199528951039
"5854","L1 33","gp",8,"0.5","0","-","-",2038,"L1","0.5",-1.05247488718694
"5857","L1 33","gp",15,"-0.5","0","-","-",10018,"L1","0.5",2.18686826703932
"5864","L1 33","gp",22,"0.5","0","-","-",4417,"L1","-0.5",-0.0867609318104644
"5871","L1 33","gp",5,"-0.5","0","-","-",3935,"L1","-0.5",-0.282420505787539
"5877","L1 33","gp",3,"-0.5","0","-","-",2572,"L1","0.5",-0.835706811453002
"5881","L1 33","gp",17,"-0.5","0","-","-",4870,"L1","-0.5",0.0971265931098986
"5889","L1 33","gp",24,"0.5","0","-","-",7964,"L1","0.5",1.35308244764324
"5895","L1 33","gp",11,"-0.5","0","-","-",4379,"L1","0.5",-0.102186375402018
"5898","L1 33","gp",12,"0.5","0","-","-",4882,"L1","0.5",0.101997785823021
"5901","L1 33","gp",18,"0.5","0","-","-",2620,"L1","-0.5",-0.816222040600514
"5905","L1 33","gp",1,"-0.5","0","-","-",4386,"L1","-0.5",-0.0993448463193634
"5920","L1 33","gp",14,"0.5","0","-","-",12222,"L1","-0.5",3.08154399534943
"5926","L1 33","gp",16,"0.5","0","-","-",2628,"L1","0.5",-0.812974578791765
"5937","L1 33","gp",10,"0.5","0","-","-",4610,"L1","-0.5",-0.00841591567441572
"5968","L1 34","gp",21,"0.5","0","-","-",3962,"L1","-0.5",-0.271460322183014
"5975","L1 34","gp",3,"0.5","0","-","-",2821,"L1","0.5",-0.734629562655717
"5981","L1 34","gp",9,"0.5","0","-","-",3817,"L1","-0.5",-0.330320567466574
"5984","L1 34","gp",16,"-0.5","0","-","-",2820,"L1","-0.5",-0.73503549538181
"5990","L1 34","gp",15,"0.5","0","-","-",2967,"L1","0.5",-0.675363384646063
"5997","L1 34","gp",4,"-0.5","0","-","-",4822,"L1","-0.5",0.0776418222574098
"6005","L1 34","gp",23,"0.5","0","-","-",3430,"L1","0.5",-0.487416532464765
"6009","L1 34","gp",20,"-0.5","0","-","-",2785,"L1","-0.5",-0.749243140795083
"6016","L1 34","gp",8,"-0.5","0","-","-",4465,"L1","-0.5",-0.0672761609579756
"6019","L1 34","gp",19,"0.5","0","-","-",3160,"L1","0.5",-0.597018368510015
"6027","L1 34","gp",5,"0.5","0","-","-",2520,"L1","-0.5",-0.856815313209865
"6031","L1 34","gp",12,"-0.5","0","-","-",5472,"L1","-0.5",0.341498094218195
"6046","L1 34","gp",7,"0.5","0","-","-",2306,"L1","0.5",-0.943684916593878
"6052","L1 34","gp",13,"0.5","0","-","-",3022,"L1","-0.5",-0.65303708471092
"6060","L1 34","gp",18,"-0.5","0","-","-",3781,"L1","0.5",-0.344934145605941
"6064","L1 34","gp",6,"-0.5","0","-","-",4064,"L1","0.5",-0.230055184121476
"6075","L1 34","gp",1,"0.5","0","-","-",3407,"L1","-0.5",-0.496752985164916
"6083","L1 34","gp",10,"-0.5","0","-","-",3363,"L1","0.5",-0.514614025113031
"6086","L1 34","gp",24,"-0.5","0","-","-",2431,"L1","-0.5",-0.892943325832188
"6089","L1 34","gp",17,"0.5","0","-","-",2242,"L1","-0.5",-0.969664611063863
"6097","L1 34","gp",22,"-0.5","0","-","-",6646,"L1","0.5",0.818063114651984
"6100","L1 34","gp",2,"-0.5","0","-","-",5165,"L1","0.5",0.216876747307486
"6107","L1 34","gp",11,"0.5","0","-","-",2675,"L1","0.5",-0.79389574066537
"6115","L1 34","gp",14,"-0.5","0","-","-",2945,"L1","0.5",-0.684293904620121
"6143","L1 35","gp",1,"-0.5","0","-","-",7236,"L1","0.5",1.05756342304716
"6146","L1 35","gp",23,"-0.5","0","-","-",7165,"L1","-0.5",1.02874219949452
"6149","L1 35","gp",18,"0.5","0","-","-",4089,"L1","0.5",-0.219906865969138
"6159","L1 35","gp",2,"0.5","0","-","-",2382,"L1","0.5",-0.91283402941077
"6167","L1 35","gp",3,"-0.5","0","-","-",4654,"L1","-0.5",0.009445124273699
"6174","L1 35","gp",13,"-0.5","0","-","-",2229,"L1","0.5",-0.974941736503078
"6178","L1 35","gp",21,"-0.5","0","-","-",2878,"L1","0.5",-0.711491397268386
"6185","L1 35","gp",20,"0.5","0","-","-",6270,"L1","-0.5",0.665432409640822
"6189","L1 35","gp",11,"-0.5","0","-","-",3563,"L1","-0.5",-0.433427479894328
"6195","L1 35","gp",10,"0.5","0","-","-",8983,"L1","0.5",1.76672789553253
"6201","L1 35","gp",6,"0.5","0","-","-",3257,"L1","0.5",-0.557642894078944
"6204","L1 35","gp",5,"-0.5","0","-","-",4343,"L1","0.5",-0.116799953541385
"6214","L1 35","gp",9,"-0.5","0","-","-",11087,"L1","0.5",2.62081035123329
"6218","L1 35","gp",4,"0.5","0","-","-",2241,"L1","-0.5",-0.970070543789956
"6223","L1 35","gp",17,"-0.5","0","-","-",2524,"L1","0.5",-0.855191582305491
"6234","L1 35","gp",12,"0.5","0","-","-",2901,"L1","-0.5",-0.702154944568235
"6243","L1 35","gp",15,"-0.5","0","-","-",5187,"L1","-0.5",0.225807267281543
"6247","L1 35","gp",24,"0.5","0","-","-",4334,"L1","-0.5",-0.120453348076226
"6250","L1 35","gp",14,"0.5","0","-","-",2910,"L1","0.5",-0.698501550033394
"6254","L1 35","gp",19,"-0.5","0","-","-",5113,"L1","-0.5",0.195768245550623
"6262","L1 35","gp",22,"0.5","0","-","-",2762,"L1","0.5",-0.758579593495234
"6271","L1 35","gp",7,"-0.5","0","-","-",7526,"L1","-0.5",1.17528391361428
"6278","L1 35","gp",8,"0.5","0","-","-",3349,"L1","-0.5",-0.52029708327834
"6298","L1 35","gp",16,"0.5","0","-","-",2363,"L1","-0.5",-0.920546751206547
"6318","L1 36","gp",18,"-0.5","0","-","-",5499,"L1","-0.5",0.35245827782272
"6335","L1 36","gp",21,"0.5","0","-","-",3338,"L1","0.5",-0.524762343265369
"6339","L1 36","gp",14,"-0.5","0","-","-",4378,"L1","-0.5",-0.102592308128112
"6343","L1 36","gp",5,"0.5","0","-","-",4953,"L1","0.5",0.13081900937566
"6351","L1 36","gp",10,"-0.5","0","-","-",4621,"L1","-0.5",-0.00395065568738704
"6357","L1 36","gp",23,"0.5","0","-","-",3096,"L1","-0.5",-0.62299806298
"6365","L1 36","gp",16,"-0.5","0","-","-",3593,"L1","0.5",-0.421249498111522
"6377","L1 36","gp",15,"0.5","0","-","-",4840,"L1","-0.5",0.0849486113270931
"6381","L1 36","gp",1,"0.5","0","-","-",3280,"L1","0.5",-0.548306441378793
"6384","L1 36","gp",3,"0.5","0","-","-",2485,"L1","-0.5",-0.871022958623138
"6392","L1 36","gp",2,"-0.5","0","-","-",4595,"L1","-0.5",-0.0145049065658185
"6395","L1 36","gp",20,"-0.5","0","-","-",3108,"L1","0.5",-0.618126870266878
"6404","L1 36","gp",4,"-0.5","0","-","-",2928,"L1","0.5",-0.69119476096371
"6410","L1 36","gp",6,"-0.5","0","-","-",3687,"L1","-0.5",-0.383091821858731
"6416","L1 36","gp",24,"-0.5","0","-","-",4215,"L1","0.5",-0.168759342481355
"6423","L1 36","gp",8,"-0.5","0","-","-",5400,"L1","0.5",0.312270937939462
"6430","L1 36","gp",9,"0.5","0","-","-",3202,"L1","0.5",-0.579969194014087
"6453","L1 36","gp",19,"0.5","0","-","-",3533,"L1","-0.5",-0.445605461677133
"6457","L1 36","gp",7,"0.5","0","-","-",3629,"L1","-0.5",-0.406635919972155
"6460","L1 36","gp",12,"-0.5","0","-","-",6856,"L1","0.5",0.903308987131622
"6463","L1 36","gp",22,"-0.5","0","-","-",4074,"L1","-0.5",-0.225995856860541
"6466","L1 36","gp",11,"0.5","0","-","-",2774,"L1","-0.5",-0.753708400782112
"6470","L1 36","gp",17,"0.5","0","-","-",2842,"L1","0.5",-0.726104975407753
"6477","L1 36","gp",13,"0.5","0","-","-",3662,"L1","0.5",-0.393240140011069
"6495","L1 37","gp",17,"-0.5","0","-","-",3750,"L1","-0.5",-0.35751806011484
"6503","L1 37","gp",13,"-0.5","0","-","-",3792,"L1","-0.5",-0.340468885618912
"6509","L1 37","gp",9,"-0.5","0","-","-",3638,"L1","-0.5",-0.402982525437314
"6519","L1 37","gp",6,"0.5","0","-","-",4215,"L1","-0.5",-0.168759342481355
"6523","L1 37","gp",12,"0.5","0","-","-",3832,"L1","0.5",-0.324231576575172
"6530","L1 37","gp",5,"-0.5","0","-","-",3105,"L1","-0.5",-0.619344668445158
"6534","L1 37","gp",11,"-0.5","0","-","-",4030,"L1","0.5",-0.243856896808655
"6537","L1 37","gp",1,"-0.5","0","-","-",2922,"L1","-0.5",-0.693630357320272
"6543","L1 37","gp",7,"-0.5","0","-","-",4161,"L1","0.5",-0.190679709690405
"6551","L1 37","gp",22,"0.5","0","-","-",4655,"L1","-0.5",0.00985105699979252
"6565","L1 37","gp",19,"-0.5","0","-","-",3397,"L1","0.5",-0.500812312425851
"6568","L1 37","gp",4,"0.5","0","-","-",3409,"L1","0.5",-0.495941119712729
"6574","L1 37","gp",3,"-0.5","0","-","-",3409,"L1","0.5",-0.495941119712729
"6577","L1 37","gp",23,"-0.5","0","-","-",2504,"L1","0.5",-0.863310236827361
"6580","L1 37","gp",16,"0.5","0","-","-",3182,"L1","0.5",-0.588087848535957
"6584","L1 37","gp",21,"-0.5","0","-","-",4043,"L1","-0.5",-0.23857977136944
"6592","L1 37","gp",14,"0.5","0","-","-",2806,"L1","-0.5",-0.740718553547119
"6598","L1 37","gp",2,"0.5","0","-","-",4192,"L1","-0.5",-0.178095795181506
"6624","L1 37","gp",24,"0.5","0","-","-",3315,"L1","0.5",-0.53409879596552
"6631","L1 37","gp",8,"0.5","0","-","-",3562,"L1","0.5",-0.433833412620421
"6635","L1 37","gp",15,"-0.5","0","-","-",4394,"L1","0.5",-0.0960973845106153
"6644","L1 37","gp",10,"0.5","0","-","-",3296,"L1","-0.5",-0.541811517761296
"6647","L1 37","gp",20,"0.5","0","-","-",3523,"L1","0.5",-0.449664788938068
"6655","L1 37","gp",18,"0.5","0","-","-",2980,"L1","-0.5",-0.670086259206848
"6682","L1 38","gp",12,"-0.5","0","-","-",7868,"L1","-0.5",1.31411290593826
"6697","L1 38","gp",4,"-0.5","0","-","-",6719,"L1","-0.5",0.847696203656811
"6705","L1 38","gp",19,"0.5","0","-","-",4504,"L1","0.5",-0.0514447846403285
"6711","L1 38","gp",7,"0.5","0","-","-",5063,"L1","0.5",0.175471609245947
"6718","L1 38","gp",17,"0.5","0","-","-",3189,"L1","-0.5",-0.585246319453303
"6725","L1 38","gp",3,"0.5","0","-","-",1611,"L1","0.5",-1.22580816122887
"6733","L1 38","gp",8,"-0.5","0","-","-",3534,"L1","-0.5",-0.445199528951039
"6736","L1 38","gp",6,"-0.5","0","-","-",6868,"L1","0.5",0.908180179844745
"6742","L1 38","gp",1,"0.5","0","-","-",2192,"L1","-0.5",-0.989961247368539
"6753","L1 38","gp",9,"0.5","0","-","-",2336,"L1","-0.5",-0.931506934811072
"6756","L1 38","gp",13,"0.5","0","-","-",2929,"L1","-0.5",-0.690788828237617
"6767","L1 38","gp",2,"-0.5","0","-","-",3824,"L1","0.5",-0.32747903838392
"6770","L1 38","gp",5,"0.5","0","-","-",2997,"L1","-0.5",-0.663185402863258
"6781","L1 38","gp",20,"-0.5","0","-","-",4858,"L1","-0.5",0.0922554003967764
"6784","L1 38","gp",11,"0.5","0","-","-",2350,"L1","0.5",-0.925823876645763
"6791","L1 38","gp",23,"0.5","0","-","-",2858,"L1","0.5",-0.719610051790257
"6798","L1 38","gp",21,"0.5","0","-","-",5896,"L1","-0.5",0.513613570081846
"6804","L1 38","gp",14,"-0.5","0","-","-",4213,"L1","0.5",-0.169571207933542
"6807","L1 38","gp",16,"-0.5","0","-","-",2607,"L1","-0.5",-0.821499166039729
"6815","L1 38","gp",15,"0.5","0","-","-",4279,"L1","0.5",-0.14277964801137
"6821","L1 38","gp",10,"-0.5","0","-","-",2889,"L1","0.5",-0.707026137281358
"6828","L1 38","gp",24,"-0.5","0","-","-",3529,"L1","-0.5",-0.447229192581507
"6835","L1 38","gp",18,"-0.5","0","-","-",4648,"L1","0.5",0.0070095279171379
"6838","L1 38","gp",22,"-0.5","0","-","-",3887,"L1","0.5",-0.301905276640028
"6858","L1 39","gp",7,"-0.5","0","-","-",7387,"L1","-0.5",1.11885926468728
"6863","L1 39","gp",16,"0.5","0","-","-",3158,"L1","-0.5",-0.597830233962202
"6867","L1 39","gp",6,"0.5","0","-","-",3296,"L1","0.5",-0.541811517761296
"6874","L1 39","gp",23,"-0.5","0","-","-",5326,"L1","-0.5",0.282231916208542
"6878","L1 39","gp",1,"-0.5","0","-","-",4106,"L1","0.5",-0.213006009625548
"6882","L1 39","gp",12,"0.5","0","-","-",5801,"L1","-0.5",0.475049961102962
"6886","L1 39","gp",8,"0.5","0","-","-",6501,"L1","-0.5",0.759202869368424
"6896","L1 39","gp",24,"0.5","0","-","-",4022,"L1","-0.5",-0.247104358617403
"6903","L1 39","gp",14,"0.5","0","-","-",2874,"L1","0.5",-0.71311512817276
"6906","L1 39","gp",9,"-0.5","0","-","-",5356,"L1","0.5",0.294409897991348
"6917","L1 39","gp",11,"-0.5","0","-","-",3483,"L1","-0.5",-0.465902097981809
"6928","L1 39","gp",19,"-0.5","0","-","-",4015,"L1","-0.5",-0.249945887700058
"6936","L1 39","gp",22,"0.5","0","-","-",3246,"L1","0.5",-0.562108154065972
"6950","L1 39","gp",18,"0.5","0","-","-",4484,"L1","0.5",-0.0595634391621988
"6960","L1 39","gp",15,"-0.5","0","-","-",6700,"L1","-0.5",0.839983481861034
"6963","L1 39","gp",21,"-0.5","0","-","-",4082,"L1","0.5",-0.222748395051792
"6970","L1 39","gp",10,"0.5","0","-","-",3091,"L1","0.5",-0.625027726610467
"6977","L1 39","gp",17,"-0.5","0","-","-",2971,"L1","0.5",-0.673739653741689
"6983","L1 39","gp",13,"-0.5","0","-","-",5375,"L1","0.5",0.302122619787124
"6987","L1 39","gp",2,"0.5","0","-","-",4328,"L1","0.5",-0.122888944432787
"6990","L1 39","gp",4,"0.5","0","-","-",9492,"L1","-0.5",1.97334765311413
"7000","L1 39","gp",3,"-0.5","0","-","-",7144,"L1","-0.5",1.02021761224655
"7007","L1 39","gp",5,"-0.5","0","-","-",6654,"L1","0.5",0.821310576460732
"7018","L1 39","gp",20,"0.5","0","-","-",3145,"L1","-0.5",-0.603107359401417
"7038","L1 40","gp",8,"-0.5","0","-","-",6016,"L1","0.5",0.562325497213068
"7048","L1 40","gp",11,"0.5","0","-","-",2769,"L1","-0.5",-0.75573806441258
"7065","L1 40","gp",7,"0.5","0","-","-",3127,"L1","-0.5",-0.610414148471101
"7077","L1 40","gp",23,"0.5","0","-","-",5866,"L1","-0.5",0.501435588299041
"7085","L1 40","gp",14,"-0.5","0","-","-",4436,"L1","-0.5",-0.0790482100146876
"7089","L1 40","gp",22,"-0.5","0","-","-",6806,"L1","-0.5",0.883012350826947
"7097","L1 40","gp",17,"0.5","0","-","-",3408,"L1","0.5",-0.496347052438823
"7104","L1 40","gp",6,"-0.5","0","-","-",3281,"L1","-0.5",-0.547900508652699
"7110","L1 40","gp",18,"-0.5","0","-","-",6215,"L1","-0.5",0.643106109705678
"7128","L1 40","gp",4,"-0.5","0","-","-",3829,"L1","0.5",-0.325449374753452
"7138","L1 40","gp",12,"-0.5","0","-","-",7314,"L1","0.5",1.08922617568245
"7144","L1 40","gp",9,"0.5","0","-","-",6690,"L1","0.5",0.835924154600099
"7149","L1 40","gp",20,"-0.5","0","-","-",3518,"L1","0.5",-0.451694452568536
"7152","L1 40","gp",16,"-0.5","0","-","-",5677,"L1","0.5",0.424714303067366
"7155","L1 40","gp",10,"-0.5","0","-","-",3880,"L1","-0.5",-0.304746805722683
"7158","L1 40","gp",13,"0.5","0","-","-",3169,"L1","0.5",-0.593364973975173
"7165","L1 40","gp",19,"0.5","0","-","-",3820,"L1","-0.5",-0.329102769288294
"7169","L1 40","gp",5,"0.5","0","-","-",8665,"L1","0.5",1.63764128863479
"7173","L1 40","gp",24,"-0.5","0","-","-",3469,"L1","0.5",-0.471585156147118
"7177","L1 40","gp",15,"0.5","0","-","-",4238,"L1","-0.5",-0.159422889781204
"7181","L1 40","gp",1,"0.5","0","-","-",7726,"L1","0.5",1.25647045883298
"7187","L1 40","gp",21,"0.5","0","-","-",2916,"L1","0.5",-0.696065953676833
"7193","L1 40","gp",2,"-0.5","0","-","-",4240,"L1","-0.5",-0.158611024329017
"7197","L1 40","gp",3,"0.5","0","-","-",3574,"L1","-0.5",-0.428962219907299
